address,postal_code,capacity,city,close,cost_per_unit,country,latitude,longitude,open,payment_modes,staff,available,charger_type,"if_battery_swap_station,_no._of_dockets",id,vendor,charging_type,contact_number,name,coordinates,timing,no_of_chargers
"175, Patparganj Industrial Area, Patparganj",110092,3.3kw,New Delhi,21:00:00,15,India,28.642213,77.314837,08:00:00,Cash/E-Wallet,Staffed,2,LEV AC,nil,S01,Massive Mobility,Charging,,,"{'latitude': '28.642213', 'longitude': '77.314837'}",08:00:00 - 21:00:00,2
"A-1/1, Hardev Puri, 100 ft Road, Nathu Colony Chowk, Sahadara",110025,3.3kw,New Delhi,21:00:00,15,India,28.689606,77.298775,09:00:00,Cash/E-Wallet,Staffed,1,LEV AC,nil,S02,Massive Mobility,Charging,,,"{'latitude': '28.689606', 'longitude': '77.298775'}",09:00:00 - 21:00:00,1
"Plot no. 1-A, Shiv vihar, Nangloi",110019,3.3kw,New Delhi,21:00:00,15,India,28.661666,77.061585,10:00:00,Cash/E-Wallet,Staffed,10,LEV AC,nil,S03,Massive Mobility,Charging,,,"{'latitude': '28.661666', 'longitude': '77.061585'}",10:00:00 - 21:00:00,10
M block Market Gearter Kailash 1,110041,3.3kw,New Delhi,21:00:00,15,India,28.550284,77.235053,11:00:00,Cash/E-Wallet,Staffed,1,LEV AC,nil,S04,Massive Mobility,Charging,,,"{'latitude': '28.550284', 'longitude': '77.235053'}",11:00:00 - 21:00:00,1
"Shop No-48, NH-5, NIT, Faridabad",110052,3.3kw,New Delhi,21:00:00,15,India,28.405363,77.305530,12:00:00,Cash/E-Wallet,Staffed,1,LEV AC,nil,S05,Massive Mobility,Charging,,,"{'latitude': '28.405363', 'longitude': '77.305530'}",12:00:00 - 21:00:00,1
Near Fruit Garden NIT,121001,3.3kw,Faridabad,21:00:00,15,India,28.396681,77.306328,13:00:00,Cash/E-Wallet,Staffed,1,LEV AC,nil,S06,Massive Mobility,Charging,,,"{'latitude': '28.396681', 'longitude': '77.306328'}",13:00:00 - 21:00:00,1
"7/4, Block D, NIT",121001,3.3kw,Faridabad,21:00:00,15,India,28.396111,77.305157,14:00:00,Cash/E-Wallet,Staffed,1,LEV AC,nil,S07,Massive Mobility,Charging,,,"{'latitude': '28.396111', 'longitude': '77.305157'}",14:00:00 - 21:00:00,1
"252, Oldanpur, Block b, Balbir Nagar Loni",201003,3.3kw,Ghaziabad,21:00:00,15,India,28.687648,77.291979,15:00:00,Cash/E-Wallet,Staffed,5,LEV AC,nil,S08,Massive Mobility,Charging,,,"{'latitude': '28.687648', 'longitude': '77.291979'}",15:00:00 - 21:00:00,5
"House no 529, Bhimgarh Kheri, Near New Railway station, Ashok Vihar",122022,3.3kw,Gurugram,21:00:00,15,India,28.488302,77.012275,16:00:00,Cash/E-Wallet,Staffed,5,LEV AC,nil,S09,Massive Mobility,Charging,,,"{'latitude': '28.488302', 'longitude': '77.012275'}",16:00:00 - 21:00:00,5
"Plot, Street Number 57, Phase IV, Udyog Vihar Sector 18",122022,3.3kw,Gurugram,21:00:00,15,India,28.493159,77.082614,17:00:00,Cash/E-Wallet,Staffed,1,LEV AC,nil,S10,Massive Mobility,Charging,,,"{'latitude': '28.493159', 'longitude': '77.082614'}",17:00:00 - 21:00:00,1
Crescent Park Avenue Sector 49,122022,3.3kw,Gurugram,21:00:00,15,India,28.402878,77.047157,18:00:00,Cash/E-Wallet,Staffed,2,LEV AC,nil,S11,Massive Mobility,Charging,,,"{'latitude': '28.402878', 'longitude': '77.047157'}",18:00:00 - 21:00:00,2
Ansal Heights Sector 92,122022,3.3kw,Gurugram,21:00:00,15,India,28.414466,76.919544,19:00:00,Cash/E-Wallet,Staffed,2,LEV AC,nil,S12,Massive Mobility,Charging,,,"{'latitude': '28.414466', 'longitude': '76.919544'}",19:00:00 - 21:00:00,2
GLS Avenue Sector 92,122022,3.3kw,Gurugram,21:00:00,15,India,28.414216,76.917286,20:00:00,Cash/E-Wallet,Staffed,2,LEV AC,nil,S13,Massive Mobility,Charging,,,"{'latitude': '28.414216', 'longitude': '76.917286'}",20:00:00 - 21:00:00,2
"Rezang La Mark, Block E, Ashok Vihar",122022,3.3kw,Gurugram,21:00:00,15,India,28.489287,77.019696,21:00:00,Cash/E-Wallet,Staffed,1,LEV AC,nil,S14,Massive Mobility,Charging,,,"{'latitude': '28.489287', 'longitude': '77.019696'}",21:00:00 - 21:00:00,1
"27, Delhi Road, Rajiv Nagar Sector 13",122022,3.3kw,Gurugram,21:00:00,15,India,28.475300,77.043585,22:00:00,Cash/E-Wallet,Staffed,1,LEV AC,nil,S15,Massive Mobility,Charging,,,"{'latitude': '28.475300', 'longitude': '77.043585'}",22:00:00 - 21:00:00,1
"44-45, Divider Road, Near Ramada Hotel Kanahi",122022,3.3kw,Gurugram,21:00:00,15,India,28.449237,77.071594,23:00:00,Cash/E-Wallet,Staffed,1,LEV AC,nil,S16,Massive Mobility,Charging,,,"{'latitude': '28.449237', 'longitude': '77.071594'}",23:00:00 - 21:00:00,1
"GLS  Aravali Homes, Tower 1 Sohna",122022,3.3kw,Gurugram,21:00:00,15,India,28.262233,77.083146,00:00:00,Cash/E-Wallet,Staffed,1,LEV AC,nil,S17,Massive Mobility,Charging,,,"{'latitude': '28.262233', 'longitude': '77.083146'}",00:00:00 - 21:00:00,1
Ansal Heights 86 Sector 86,122022,3.3kw,Gurugram,21:00:00,15,India,28.395221,76.934257,01:00:00,Cash/E-Wallet,Staffed,1,LEV AC,nil,S18,Massive Mobility,Charging,,,"{'latitude': '28.395221', 'longitude': '76.934257'}",01:00:00 - 21:00:00,1
"Shop No 3, SG Square, Ashok Vihar",122022,3.3kw,Gurugram,21:00:00,15,India,28.490000,77.019530,02:00:00,Cash/E-Wallet,Staffed,1,LEV AC,nil,S19,Massive Mobility,Charging,,,"{'latitude': '28.490000', 'longitude': '77.019530'}",02:00:00 - 21:00:00,1
"237, New Seelampur Shahdara",110041,3.3kw,New Delhi,21:00:00,15,India,28.672540,77.273030,03:00:00,Cash/E-Wallet,Staffed,1,LEV AC,nil,S20,Massive Mobility,Charging,,,"{'latitude': '28.672540', 'longitude': '77.273030'}",03:00:00 - 21:00:00,1
"Opp. Karbala, Mochi park, mayur Vihar 1, Pocket 2, Kotla Village",110059,3.3kw,New Delhi,21:00:00,15,India,28.609597,77.300671,04:00:00,Cash/E-Wallet,Staffed,1,LEV AC,nil,S21,Massive Mobility,Charging,,,"{'latitude': '28.609597', 'longitude': '77.300671'}",04:00:00 - 21:00:00,1
"H.no. F-45, New Seema Puri Dilshad Garden",110045,3.3kw,New Delhi,21:00:00,15,India,28.685962,77.329070,05:00:00,Cash/E-Wallet,Staffed,2,LEV AC,nil,S22,Massive Mobility,Charging,,,"{'latitude': '28.685962', 'longitude': '77.329070'}",05:00:00 - 21:00:00,2
"9/17, Near Chajju Gate, east babarpur, Shahdara",110013,3.3kw,New Delhi,21:00:00,15,India,28.688152,77.282319,06:00:00,Cash/E-Wallet,Staffed,5,LEV AC,nil,S23,Massive Mobility,Charging,,,"{'latitude': '28.688152', 'longitude': '77.282319'}",06:00:00 - 21:00:00,5
"B-50/9, Haruan Basti, Kondli",110095,3.3kw,New Delhi,21:00:00,15,India,28.616411,77.328853,07:00:00,Cash/E-Wallet,Staffed,1,LEV AC,nil,S24,Massive Mobility,Charging,,,"{'latitude': '28.616411', 'longitude': '77.328853'}",07:00:00 - 21:00:00,1
"Gali No 3, Haider Pur Shalimar Bagh",110052,3.3kw,New Delhi,21:00:00,15,India,28.719925,77.147019,08:00:00,Cash/E-Wallet,Staffed,1,LEV AC,nil,S25,Massive Mobility,Charging,,,"{'latitude': '28.719925', 'longitude': '77.147019'}",08:00:00 - 21:00:00,1
"E-473, New Ashok Nagar",110017,3.3kw,New Delhi,21:00:00,15,India,28.597866,77.310739,09:00:00,Cash/E-Wallet,Staffed,1,LEV AC,nil,S26,Massive Mobility,Charging,,,"{'latitude': '28.597866', 'longitude': '77.310739'}",09:00:00 - 21:00:00,1
"WP-569, Wazirpur, Ashok Vihar",110086,3.3kw,New Delhi,21:00:00,15,India,28.690285,77.174823,10:00:00,Cash/E-Wallet,Staffed,1,LEV AC,nil,S27,Massive Mobility,Charging,,,"{'latitude': '28.690285', 'longitude': '77.174823'}",10:00:00 - 21:00:00,1
"Plot No 2, Musddi Chowk, Sarai Kale Khan Hazrat Nizamuddin",110051,3.3kw,New Delhi,21:00:00,15,India,28.586625,77.255717,11:00:00,Cash/E-Wallet,Staffed,1,LEV AC,nil,S28,Massive Mobility,Charging,,,"{'latitude': '28.586625', 'longitude': '77.255717'}",11:00:00 - 21:00:00,1
"H.no. 16, Gali no 2, Jagat Puri",110096,3.3kw,New Delhi,21:00:00,15,India,28.689011,77.302756,12:00:00,Cash/E-Wallet,Staffed,1,LEV AC,nil,S29,Massive Mobility,Charging,,,"{'latitude': '28.689011', 'longitude': '77.302756'}",12:00:00 - 21:00:00,1
Kalindi kunj Road Jaitpur,110084,3.3kw,New Delhi,21:00:00,15,India,28.508337,77.337935,13:00:00,Cash/E-Wallet,Staffed,1,LEV AC,nil,S30,Massive Mobility,Charging,,,"{'latitude': '28.508337', 'longitude': '77.337935'}",13:00:00 - 21:00:00,1
"N118/R6, Wazirpur Village Ashok Vihar Phase 1",110084,3.3kw,New Delhi,21:00:00,15,India,28.687672,77.173287,14:00:00,Cash/E-Wallet,Staffed,1,LEV AC,nil,S31,Massive Mobility,Charging,,,"{'latitude': '28.687672', 'longitude': '77.173287'}",14:00:00 - 21:00:00,1
RZB-161 NIhal Vihar,110043,3.3kw,New Delhi,21:00:00,15,India,28.667452,77.075985,15:00:00,Cash/E-Wallet,Staffed,10,LEV AC,nil,S32,Massive Mobility,Charging,,,"{'latitude': '28.667452', 'longitude': '77.075985'}",15:00:00 - 21:00:00,10
"RZG-45, 50 ft road, Nihal Vihar, Nangloi",110041,3.3kw,New Delhi,21:00:00,15,India,28.667832,77.071777,16:00:00,Cash/E-Wallet,Staffed,1,LEV AC,nil,S33,Massive Mobility,Charging,,,"{'latitude': '28.667832', 'longitude': '77.071777'}",16:00:00 - 21:00:00,1
"F-34, Laxmi Park, Peera Gadi Nihal Vihar",110052,3.3kw,New Delhi,21:00:00,15,India,28.670840,77.068551,17:00:00,Cash/E-Wallet,Staffed,5,LEV AC,nil,S34,Massive Mobility,Charging,,,"{'latitude': '28.670840', 'longitude': '77.068551'}",17:00:00 - 21:00:00,5
"House no. 1, Block A, Harsukh Nagar, Prem Nagar Kirari",110013,3.3kw,New Delhi,21:00:00,15,India,28.688874,77.061662,18:00:00,Cash/E-Wallet,Staffed,5,LEV AC,nil,S35,Massive Mobility,Charging,,,"{'latitude': '28.688874', 'longitude': '77.061662'}",18:00:00 - 21:00:00,5
"WP-572, Wazirpur Village, Ashok Vihar",110044,3.3kw,New Delhi,21:00:00,15,India,28.690235,77.174772,19:00:00,Cash/E-Wallet,Staffed,1,LEV AC,nil,S36,Massive Mobility,Charging,,,"{'latitude': '28.690235', 'longitude': '77.174772'}",19:00:00 - 21:00:00,1
"Plot no. 1, Sarai kale khan Hazrat Nizamuddin",110051,3.3kw,New Delhi,21:00:00,15,India,28.586483,77.255344,20:00:00,Cash/E-Wallet,Staffed,1,LEV AC,nil,S37,Massive Mobility,Charging,,,"{'latitude': '28.586483', 'longitude': '77.255344'}",20:00:00 - 21:00:00,1
Jaitpur Gurudwara Road Hari Nagar,110051,3.3kw,New Delhi,21:00:00,15,India,28.505096,77.319491,21:00:00,Cash/E-Wallet,Staffed,1,LEV AC,nil,S38,Massive Mobility,Charging,,,"{'latitude': '28.505096', 'longitude': '77.319491'}",21:00:00 - 21:00:00,1
"Block J, CR Park",110044,3.3kw,New Delhi,21:00:00,15,India,28.537731,77.247888,22:00:00,Cash/E-Wallet,Staffed,1,LEV AC,nil,S39,Massive Mobility,Charging,,,"{'latitude': '28.537731', 'longitude': '77.247888'}",22:00:00 - 21:00:00,1
"B154, Block E New Ashok Nagar",110013,3.3kw,New Delhi,21:00:00,15,India,28.592390,77.304336,23:00:00,Cash/E-Wallet,Staffed,2,LEV AC,nil,S40,Massive Mobility,Charging,,,"{'latitude': '28.592390', 'longitude': '77.304336'}",23:00:00 - 21:00:00,2
"House no. 125, GF, Opp. Ordinance Depot Pashchim Vihar",110032,3.3kw,New Delhi,21:00:00,15,India,28.670794,77.116681,00:00:00,Cash/E-Wallet,Staffed,10,LEV AC,nil,S41,Massive Mobility,Charging,,,"{'latitude': '28.670794', 'longitude': '77.116681'}",00:00:00 - 21:00:00,10
"RZA 182, Nihal Vihar Nangloi",110064,3.3kw,New Delhi,21:00:00,15,India,28.665507,77.070628,01:00:00,Cash/E-Wallet,Staffed,1,LEV AC,nil,S42,Massive Mobility,Charging,,,"{'latitude': '28.665507', 'longitude': '77.070628'}",01:00:00 - 21:00:00,1
"1/4511, gali no 8, mandoli marg, Ram nagar extn, Shahdara",110026,3.3kw,New delhi,21:00:00,15,India,28.708607,77.320805,02:00:00,Cash/E-Wallet,Staffed,5,LEV AC,nil,S43,Massive Mobility,Charging,,,"{'latitude': '28.708607', 'longitude': '77.320805'}",02:00:00 - 21:00:00,5
"B-14/A, Deoli Rd, Duggal Colony Khanpur",110032,3.3kw,New Delhi,21:00:00,15,India,28.509692,77.232363,03:00:00,Cash/E-Wallet,Staffed,1,LEV AC,nil,S44,Massive Mobility,Charging,,,"{'latitude': '28.509692', 'longitude': '77.232363'}",03:00:00 - 21:00:00,1
"WZ 1022, Pocket D2A, Nangal Raya Mayapuri",110032,3.3kw,New Delhi,21:00:00,15,India,28.606645,77.108468,04:00:00,Cash/E-Wallet,Staffed,1,LEV AC,nil,S45,Massive Mobility,Charging,,,"{'latitude': '28.606645', 'longitude': '77.108468'}",04:00:00 - 21:00:00,1
"1242-1282, Main Mubarakpur Road, Prem Nagar-2, Kirari Pashchim Vihar",110032,3.3kw,New Delhi,21:00:00,15,India,28.695075,77.059357,05:00:00,Cash/E-Wallet,Staffed,2,LEV AC,nil,S46,Massive Mobility,Charging,,,"{'latitude': '28.695075', 'longitude': '77.059357'}",05:00:00 - 21:00:00,2
"Plot no. 33/3, JJ colony Shakurpur",110032,3.3kw,New Delhi,21:00:00,15,India,28.684605,77.141202,06:00:00,Cash/E-Wallet,Staffed,1,LEV AC,nil,S47,Massive Mobility,Charging,,,"{'latitude': '28.684605', 'longitude': '77.141202'}",06:00:00 - 21:00:00,1
"RZ-36, Najafgarh, Phase 2, Sai Baba Enclave Najafgarh",110041,3.3kw,New Delhi,21:00:00,15,India,28.668839,77.077278,07:00:00,Cash/E-Wallet,Staffed,1,LEV AC,nil,S48,Massive Mobility,Charging,,,"{'latitude': '28.668839', 'longitude': '77.077278'}",07:00:00 - 21:00:00,1
"Plot no. 2, Kh no. 16/3/2(2-11), MBR Enclave Pochanpur extn",110052,3.3kw,New Delhi,21:00:00,15,India,28.563851,77.049588,08:00:00,Cash/E-Wallet,Staffed,3,LEV AC,nil,S49,Massive Mobility,Charging,,,"{'latitude': '28.563851', 'longitude': '77.049588'}",08:00:00 - 21:00:00,3
"Plot no. 984-E, 100ft Road, Babarpur Extn, Chhajjupur Shahdara",110013,3.3kw,New Delhi,21:00:00,15,India,28.690569,77.280285,09:00:00,Cash/E-Wallet,Staffed,1,LEV AC,nil,S50,Massive Mobility,Charging,,,"{'latitude': '28.690569', 'longitude': '77.280285'}",09:00:00 - 21:00:00,1
"C-5, Opp. Metro pillar 111, Kanti Nagar",110044,3.3kw,New Delhi,21:00:00,15,India,28.667820,77.281904,10:00:00,Cash/E-Wallet,Staffed,1,LEV AC,nil,S51,Massive Mobility,Charging,,,"{'latitude': '28.667820', 'longitude': '77.281904'}",10:00:00 - 21:00:00,1
"K.H.No 33/9 & 33/12, Village Samaipur, Delhi Engg. College, Bawana Road Samaipur",110051,3.3kw,New Delhi,21:00:00,15,India,28.744364,77.120604,11:00:00,Cash/E-Wallet,Staffed,1,LEV AC,nil,S52,Massive Mobility,Charging,,,"{'latitude': '28.744364', 'longitude': '77.120604'}",11:00:00 - 21:00:00,1
"489/55/11, Maharishi Dayanand Marg, Block A, Corner Market, Shivalik Colony, Malviya Nagar",110051,3.3kw,New Delhi,21:00:00,15,India,28.540548,77.212697,12:00:00,Cash/E-Wallet,Staffed,1,LEV AC,nil,S53,Massive Mobility,Charging,,,"{'latitude': '28.540548', 'longitude': '77.212697'}",12:00:00 - 21:00:00,1
"C-35, Kh.no 475-476 Wazirabad",110044,3.3kw,New Delhi,21:00:00,15,India,28.703118,77.265863,13:00:00,Cash/E-Wallet,Staffed,1,LEV AC,nil,S54,Massive Mobility,Charging,,,"{'latitude': '28.703118', 'longitude': '77.265863'}",13:00:00 - 21:00:00,1
"D-31, Janta Flat, Near Machis Godam, Kondli Mayur Vihar Phase 3",110013,3.3kw,New Delhi,21:00:00,15,India,28.611203,77.327790,14:00:00,Cash/E-Wallet,Staffed,1,LEV AC,nil,S55,Massive Mobility,Charging,,,"{'latitude': '28.611203', 'longitude': '77.327790'}",14:00:00 - 21:00:00,1
"Shop-2, Maharaj Singh Market, M.B. Road Lal Kuan",110032,3.3kw,New Delhi,21:00:00,15,India,28.502182,77.284986,15:00:00,Cash/E-Wallet,Staffed,1,LEV AC,nil,S56,Massive Mobility,Charging,,,"{'latitude': '28.502182', 'longitude': '77.284986'}",15:00:00 - 21:00:00,1
"C-8, jagatpuri Extn Jama Masjid",110064,3.3kw,New Delhi,21:00:00,15,India,28.698945,77.303944,16:00:00,Cash/E-Wallet,Staffed,1,LEV AC,nil,S57,Massive Mobility,Charging,,,"{'latitude': '28.698945', 'longitude': '77.303944'}",16:00:00 - 21:00:00,1
"BSES Bhawan, Near Kalkaji Metro Station Nehru Place",110026,3.3kw,New Delhi,21:00:00,15,India,28.550381,77.254484,17:00:00,Cash/E-Wallet,Staffed,1,LEV AC,nil,S58,Massive Mobility,Charging,,,"{'latitude': '28.550381', 'longitude': '77.254484'}",17:00:00 - 21:00:00,1
"1-5928-29, Loni Road, Kabool Nagar Shahdara",110032,3.3kw,New Delhi,21:00:00,15,India,28.676254,77.292422,18:00:00,Cash/E-Wallet,Staffed,1,LEV AC,nil,S59,Massive Mobility,Charging,,,"{'latitude': '28.676254', 'longitude': '77.292422'}",18:00:00 - 21:00:00,1
"Mangal Pandey Marg, Nand Nagri Mandoli",110032,3.3kw,New Delhi,21:00:00,15,India,28.697203,77.313596,19:00:00,Cash/E-Wallet,Staffed,1,LEV AC,nil,S60,Massive Mobility,Charging,,,"{'latitude': '28.697203', 'longitude': '77.313596'}",19:00:00 - 21:00:00,1
"559, Jheel Khurenja Krishna Nagar",110032,3.3kw,New Delhi,21:00:00,15,India,28.656915,77.275707,20:00:00,Cash/E-Wallet,Staffed,1,LEV AC,nil,S61,Massive Mobility,Charging,,,"{'latitude': '28.656915', 'longitude': '77.275707'}",20:00:00 - 21:00:00,1
"F-725, Baba Farid Puri Patel nagar",110032,3.3kw,New Delhi,21:00:00,15,India,28.658606,77.169682,21:00:00,Cash/E-Wallet,Staffed,1,LEV AC,nil,S62,Massive Mobility,Charging,,,"{'latitude': '28.658606', 'longitude': '77.169682'}",21:00:00 - 21:00:00,1
"Stall no. 27, Cycle Repairing Barakhamba Road",110044,3.3kw,New Delhi,21:00:00,15,India,28.630737,77.223457,22:00:00,Cash/E-Wallet,Staffed,1,LEV AC,nil,S63,Massive Mobility,Charging,,,"{'latitude': '28.630737', 'longitude': '77.223457'}",22:00:00 - 21:00:00,1
Ashoka Enclave Pashchim Vihar,110013,3.3kw,New Delhi,21:00:00,15,India,28.678849,77.091490,23:00:00,Cash/E-Wallet,Staffed,1,LEV AC,nil,S64,Massive Mobility,Charging,,,"{'latitude': '28.678849', 'longitude': '77.091490'}",23:00:00 - 21:00:00,1
"C-15, Gulmohar Commercial Complex, A block, Sector 15",201301,3.3kw,Noida,21:00:00,15,India,28.583404,77.311411,00:00:00,Cash/E-Wallet,Staffed,1,LEV AC,nil,S65,Massive Mobility,Charging,,,"{'latitude': '28.583404', 'longitude': '77.311411'}",00:00:00 - 21:00:00,1
"H. NO. 160, Sharma Market, Near Shiv Mandir, Sector 35",201301,3.3kw,Noida,21:00:00,15,India,28.580643,77.356702,01:00:00,Cash/E-Wallet,Staffed,1,LEV AC,nil,S66,Massive Mobility,Charging,,,"{'latitude': '28.580643', 'longitude': '77.356702'}",01:00:00 - 21:00:00,1
"A-48, A-Block, Sector 10, Noida, Uttar Pradesh Sector 10",201301,3.3kw,Noida,21:00:00,15,India,28.587170,77.329766,02:00:00,Cash/E-Wallet,Staffed,1,LEV AC,nil,S67,Massive Mobility,Charging,,,"{'latitude': '28.587170', 'longitude': '77.329766'}",02:00:00 - 21:00:00,1
"Near Baratghar, Vidyavati School, Sadarpur Sector 45",201301,3.3kw,Noida,21:00:00,15,India,28.552767,77.353518,03:00:00,Cash/E-Wallet,Staffed,1,LEV AC,nil,S68,Massive Mobility,Charging,,,"{'latitude': '28.552767', 'longitude': '77.353518'}",03:00:00 - 21:00:00,1
"Opp. Car Market, Elevator Road, Pilar no. 27, Nithari Sector 31",201301,3.3kw,Noida,21:00:00,15,India,28.579644,77.340719,04:00:00,Cash/E-Wallet,Staffed,1,LEV AC,nil,S69,Massive Mobility,Charging,,,"{'latitude': '28.579644', 'longitude': '77.340719'}",04:00:00 - 21:00:00,1
"House no. 131, Gijhaur Sector 53",201301,3.3kw,Noida,21:00:00,15,India,28.588416,77.362922,05:00:00,Cash/E-Wallet,Staffed,1,LEV AC,nil,S70,Massive Mobility,Charging,,,"{'latitude': '28.588416', 'longitude': '77.362922'}",05:00:00 - 21:00:00,1
A-block Sector 63,201301,3.3kw,Noida,21:00:00,15,India,28.623147,77.377649,06:00:00,Cash/E-Wallet,Staffed,1,LEV AC,nil,S71,Massive Mobility,Charging,,,"{'latitude': '28.623147', 'longitude': '77.377649'}",06:00:00 - 21:00:00,1
142 Deepali Enclave Pitampura Delhi 110034,110034,3.3 KW,Delhi,23:59:59,20,India,28.6944923400878,77.118911743164,00:00:00,E-Wallet/Card/UPI,Unstaffed,1,BOLT 16A LITE 240V 5A/15A Socket,NILL,BOLT_000476,Revos,Charging,,,"{'latitude': 28.6944923400878, 'longitude': 77.118911743164}",24 hours,1
sector 14 rohini,110085,3.3 KW,Delhi,23:59:59,2,India,28.7175693511962,77.1259841918945,00:00:00,E-Wallet/Card/UPI,Unstaffed,1,BOLT 16A LITE 240V 5A/15A Socket,NILL,BOLT_001195,Revos,Charging,,,"{'latitude': 28.7175693511962, 'longitude': 77.1259841918945}",24 hours,1
"Zypp Electric Hub, Ghazipur",110092,3.3 KW,New Delhi,23:59:59,5,India,28.6286659240722,77.3186950683593,00:00:00,E-Wallet/Card/UPI,Unstaffed,1,BOLT 16A LITE 240V 5A/15A Socket,NILL,BOLT_001838,Revos,Charging,,,"{'latitude': 28.6286659240722, 'longitude': 77.3186950683593}",24 hours,1
Zypp Electric Ghazipur Station,110092,3.3 KW,New Delhi,23:59:59,5,India,28.6287193298339,77.3186645507812,00:00:00,E-Wallet/Card/UPI,Unstaffed,1,BOLT 16A LITE 240V 5A/15A Socket,NILL,BOLT_001834,Revos,Charging,,,"{'latitude': 28.6287193298339, 'longitude': 77.3186645507812}",24 hours,1
Zypp Electric Ghazipur Station,110092,3.3 KW,New Delhi,23:59:59,5,India,28.6286602020263,77.3188171386718,00:00:00,E-Wallet/Card/UPI,Unstaffed,1,BOLT 16A LITE 240V 5A/15A Socket,NILL,BOLT_001833,Revos,Charging,,,"{'latitude': 28.6286602020263, 'longitude': 77.3188171386718}",24 hours,1
Zypp Electric Ghazipur Station,110092,3.3 KW,New Delhi,23:59:59,5,India,28.6287059783935,77.3187637329101,00:00:00,E-Wallet/Card/UPI,Unstaffed,1,BOLT 16A LITE 240V 5A/15A Socket,NILL,BOLT_001839,Revos,Charging,,,"{'latitude': 28.6287059783935, 'longitude': 77.3187637329101}",24 hours,1
Zypp Electric Ghazipur Station,110092,3.3 KW,New Delhi,23:59:59,5,India,28.6287193298339,77.3187179565429,00:00:00,E-Wallet/Card/UPI,Unstaffed,1,BOLT 16A LITE 240V 5A/15A Socket,NILL,BOLT_001837,Revos,Charging,,,"{'latitude': 28.6287193298339, 'longitude': 77.3187179565429}",24 hours,1
Zypp Electric Ghazipur Station,110092,3.3 KW,New Delhi,23:59:59,,India,28.6287051491766,77.3187561705708,00:00:00,E-Wallet/Card/UPI,Unstaffed,1,BOLT 16A LITE 240V 5A/15A Socket,NILL,BOLT_001836,Revos,Charging,,,"{'latitude': 28.6287051491766, 'longitude': 77.3187561705708}",24 hours,1
Zypp Electric Ghazipur Station,110092,3.3 KW,New Delhi,23:59:59,,India,28.6287063263217,77.3187139257788,00:00:00,E-Wallet/Card/UPI,Unstaffed,1,BOLT 16A LITE 240V 5A/15A Socket,NILL,BOLT_001832,Revos,Charging,,,"{'latitude': 28.6287063263217, 'longitude': 77.3187139257788}",24 hours,1
Zypp Electric Gazipur Station,110092,3.3 KW,New Delhi,23:59:59,10,India,28.6286642433747,77.3187387362122,00:00:00,E-Wallet/Card/UPI,Unstaffed,1,BOLT 16A LITE 240V 5A/15A Socket,NILL,BOLT_001840,Revos,Charging,,,"{'latitude': 28.6286642433747, 'longitude': 77.3187387362122}",24 hours,1
Zypp Electric Gazipur Station,110092,3.3 KW,New Delhi,23:59:59,10,India,28.6287083863256,77.3186981678009,00:00:00,E-Wallet/Card/UPI,Unstaffed,1,BOLT 16A LITE 240V 5A/15A Socket,NILL,BOLT_001841,Revos,Charging,,,"{'latitude': 28.6287083863256, 'longitude': 77.3186981678009}",24 hours,1
Zypp Electric Mohan Estate Station,110076,3.3 KW,New Delhi,23:59:59,10,India,28.5289989990052,77.2924758866429,00:00:00,E-Wallet/Card/UPI,Unstaffed,1,BOLT 16A LITE 240V 5A/15A Socket,NILL,BOLT_001751,Revos,Charging,,,"{'latitude': 28.5289989990052, 'longitude': 77.2924758866429}",24 hours,1
Zypp Electric Mohan Estate Station 2,110076,3.3 KW,New Delhi,23:59:59,10,India,28.52918958264,77.2925586998462,00:00:00,E-Wallet/Card/UPI,Unstaffed,1,BOLT 16A LITE 240V 5A/15A Socket,NILL,BOLT_001750,Revos,Charging,,,"{'latitude': 28.52918958264, 'longitude': 77.2925586998462}",24 hours,1
Zypp Electric Mohan Estate Station 3,110076,3.3 KW,New Delhi,23:59:59,10,India,28.5290260990176,77.2925496473908,00:00:00,E-Wallet/Card/UPI,Unstaffed,1,BOLT 16A LITE 240V 5A/15A Socket,NILL,BOLT_001747,Revos,Charging,,,"{'latitude': 28.5290260990176, 'longitude': 77.2925496473908}",24 hours,1
"473, Britannia Rd, Tri Nagar, Delhi, 110034",110034,3.3 KW,Delhi,23:59:59,10,India,28.6806158794797,77.1554455161094,00:00:00,E-Wallet/Card/UPI,Unstaffed,1,BOLT 16A LITE 240V 5A/15A Socket,NILL,BOLT_001744,Revos,Charging,,,"{'latitude': 28.6806158794797, 'longitude': 77.1554455161094}",24 hours,1
"Pocket D, Okhla Phase I, Okhla Industrial Estate, New Delhi, Delhi 110020",110020,3.3 KW,New Delhi,23:59:59,10,India,28.5268056422924,77.2745211794972,00:00:00,E-Wallet/Card/UPI,Unstaffed,1,BOLT 16A LITE 240V 5A/15A Socket,NILL,BOLT_001675,Revos,Charging,,,"{'latitude': 28.5268056422924, 'longitude': 77.2745211794972}",24 hours,1
"Pocket D, Okhla Phase I, Okhla Industrial Estate, New Delhi, Delhi 110020",110020,3.3 KW,New Delhi,23:59:59,10,India,28.5239084915866,77.2761030122637,00:00:00,E-Wallet/Card/UPI,Unstaffed,1,BOLT 16A LITE 240V 5A/15A Socket,NILL,BOLT_001680,Revos,Charging,,,"{'latitude': 28.5239084915866, 'longitude': 77.2761030122637}",24 hours,1
"Nangloi, Delhi, 110041",110041,3.3 KW,Delhi,23:59:59,10,India,28.68121092427,77.0757252350449,00:00:00,E-Wallet/Card/UPI,Unstaffed,1,BOLT 16A LITE 240V 5A/15A Socket,NILL,BOLT_001678,Revos,Charging,,,"{'latitude': 28.68121092427, 'longitude': 77.0757252350449}",24 hours,1
"Nangloi, Delhi, 110041",110041,3.3 KW,Delhi,23:59:59,10,India,28.6812547509647,77.0758177712559,00:00:00,E-Wallet/Card/UPI,Unstaffed,1,BOLT 16A LITE 240V 5A/15A Socket,NILL,BOLT_001674,Revos,Charging,,,"{'latitude': 28.6812547509647, 'longitude': 77.0758177712559}",24 hours,1
"Sanjay Colony II, Sanjay Colony, Okhla Phase II, Okhla Industrial Estate, New Delhi, Delhi 110020",110020,3.3 KW,New Delhi,23:59:59,10,India,28.5413891637029,77.275659777224,00:00:00,E-Wallet/Card/UPI,Unstaffed,1,BOLT 16A LITE 240V 5A/15A Socket,NILL,BOLT_001698,Revos,Charging,,,"{'latitude': 28.5413891637029, 'longitude': 77.275659777224}",24 hours,1
"Sanjay Colony II, Sanjay Colony, Okhla Phase II, Okhla Industrial Estate, New Delhi, Delhi 110020",110020,3.3 KW,New Delhi,23:59:59,10,India,28.5413143528646,77.2757818177342,00:00:00,E-Wallet/Card/UPI,Unstaffed,1,BOLT 16A LITE 240V 5A/15A Socket,NILL,BOLT_001699,Revos,Charging,,,"{'latitude': 28.5413143528646, 'longitude': 77.2757818177342}",24 hours,1
"Pocket 1, Matiala Extension, Matiala, Delhi, 110078",110078,3.3 KW,Delhi,23:59:59,10,India,28.6087591786963,77.0494258403778,00:00:00,E-Wallet/Card/UPI,Unstaffed,1,BOLT 16A LITE 240V 5A/15A Socket,NILL,BOLT_001692,Revos,Charging,,,"{'latitude': 28.6087591786963, 'longitude': 77.0494258403778}",24 hours,1
"Pocket 1, Matiala Extension, Matiala, Delhi, 110078",110078,3.3 KW,Delhi,23:59:59,10,India,28.6086546871661,77.0494154468178,00:00:00,E-Wallet/Card/UPI,Unstaffed,1,BOLT 16A LITE 240V 5A/15A Socket,NILL,BOLT_001694,Revos,Charging,,,"{'latitude': 28.6086546871661, 'longitude': 77.0494154468178}",24 hours,1
"Pocket 1, Matiala Extension, Matiala, Delhi, 110078",110059,3.3 KW,New Delhi,23:59:59,10,India,28.6087085518271,77.0494908839464,00:00:00,E-Wallet/Card/UPI,Unstaffed,1,BOLT 16A LITE 240V 5A/15A Socket,NILL,BOLT_001693,Revos,Charging,,,"{'latitude': 28.6087085518271, 'longitude': 77.0494908839464}",24 hours,1
"Matiala, Delhi, 110078",110078,3.3 KW,Delhi,23:59:59,5,India,28.6086865,77.0494577,00:00:00,E-Wallet/Card/UPI,Unstaffed,1,BOLT 16A LITE 240V 5A/15A Socket,NILL,BOLT_001723,Revos,Charging,,,"{'latitude': 28.6086865, 'longitude': 77.0494577}",24 hours,1
"473, Britannia Rd, Tri Nagar, Delhi, 110034zypp",110034,3.3 KW,Delhi,23:59:59,5,India,28.6807207,77.1553153,00:00:00,E-Wallet/Card/UPI,Unstaffed,1,BOLT 16A LITE 240V 5A/15A Socket,NILL,BOLT_001722,Revos,Charging,,,"{'latitude': 28.6807207, 'longitude': 77.1553153}",24 hours,1
CSC E GOVERNANCE SERVICE INDIA LTD.,110020,3.3 KW,New Delhi,23:59:59,,India,28.5508079528808,77.2690963745117,00:00:00,E-Wallet/Card/UPI,Unstaffed,1,BOLT 16A LITE 240V 5A/15A Socket,NILL,BOLT_001439,Revos,Charging,,,"{'latitude': 28.5508079528808, 'longitude': 77.2690963745117}",24 hours,1
"ETO BRANCH OFFICE, DEHLI",110066,3.3 KW,New Delhi,23:59:59,,India,28.5689395049125,77.187098215445,00:00:00,E-Wallet/Card/UPI,Unstaffed,1,BOLT 16A LITE 240V 5A/15A Socket,NILL,BOLT_001486,Revos,Charging,,,"{'latitude': 28.5689395049125, 'longitude': 77.187098215445}",24 hours,1
Delhi,110025,3.3 KW,New Delhi,23:59:59,,India,28.5624359954026,77.28738874197,00:00:00,E-Wallet/Card/UPI,Unstaffed,1,BOLT 16A LITE 240V 5A/15A Socket,NILL,BOLT_001322,Revos,Charging,,,"{'latitude': 28.5624359954026, 'longitude': 77.28738874197}",24 hours,1
DELHI,110025,3.3 KW,New Delhi,23:59:59,,India,28.5609188079834,77.2856140136718,00:00:00,E-Wallet/Card/UPI,Unstaffed,1,BOLT 16A LITE 240V 5A/15A Socket,NILL,BOLT_001298,Revos,Charging,,,"{'latitude': 28.5609188079834, 'longitude': 77.2856140136718}",24 hours,1
DELHI,110025,3.3 KW,New Delhi,23:59:59,,India,28.5624309893803,77.2873062640428,00:00:00,E-Wallet/Card/UPI,Unstaffed,1,BOLT 16A LITE 240V 5A/15A Socket,NILL,BOLT_001309,Revos,Charging,,,"{'latitude': 28.5624309893803, 'longitude': 77.2873062640428}",24 hours,1
DELHI,110025,3.3 KW,New Delhi,23:59:59,,India,28.5605373382568,77.2844772338867,00:00:00,E-Wallet/Card/UPI,Unstaffed,1,BOLT 16A LITE 240V 5A/15A Socket,NILL,BOLT_001317,Revos,Charging,,,"{'latitude': 28.5605373382568, 'longitude': 77.2844772338867}",24 hours,1
DELHI,110025,3.3 KW,New Delhi,23:59:59,,India,28.5624197994473,77.2873086109757,00:00:00,E-Wallet/Card/UPI,Unstaffed,1,BOLT 16A LITE 240V 5A/15A Socket,NILL,BOLT_001314,Revos,Charging,,,"{'latitude': 28.5624197994473, 'longitude': 77.2873086109757}",24 hours,1
DELHI,110025,3.3 KW,New Delhi,23:59:59,,India,28.5624197994473,77.2873086109757,00:00:00,E-Wallet/Card/UPI,Unstaffed,1,BOLT 16A LITE 240V 5A/15A Socket,NILL,BOLT_001315,Revos,Charging,,,"{'latitude': 28.5624197994473, 'longitude': 77.2873086109757}",24 hours,1
DELHI,110025,3.3 KW,New Delhi,23:59:59,,India,28.5623950638018,77.2873904183507,00:00:00,E-Wallet/Card/UPI,Unstaffed,1,BOLT 16A LITE 240V 5A/15A Socket,NILL,BOLT_001310,Revos,Charging,,,"{'latitude': 28.5623950638018, 'longitude': 77.2873904183507}",24 hours,1
DELHI,110025,3.3 KW,New Delhi,23:59:59,,India,28.5624754546285,77.287280447781,00:00:00,E-Wallet/Card/UPI,Unstaffed,1,BOLT 16A LITE 240V 5A/15A Socket,NILL,BOLT_001320,Revos,Charging,,,"{'latitude': 28.5624754546285, 'longitude': 77.287280447781}",24 hours,1
DELHI,110025,3.3 KW,New Delhi,23:59:59,,India,28.5625381469726,77.2873916625976,00:00:00,E-Wallet/Card/UPI,Unstaffed,1,BOLT 16A LITE 240V 5A/15A Socket,NILL,BOLT_001321,Revos,Charging,,,"{'latitude': 28.5625381469726, 'longitude': 77.2873916625976}",24 hours,1
DELHI,110025,3.3 KW,New Delhi,23:59:59,,India,28.5624771118164,77.2873382568359,00:00:00,E-Wallet/Card/UPI,Unstaffed,1,BOLT 16A LITE 240V 5A/15A Socket,NILL,BOLT_001287,Revos,Charging,,,"{'latitude': 28.5624771118164, 'longitude': 77.2873382568359}",24 hours,1
DELHI,110025,3.3 KW,New Delhi,23:59:59,,India,28.5624569029047,77.2873696312308,00:00:00,E-Wallet/Card/UPI,Unstaffed,1,BOLT 16A LITE 240V 5A/15A Socket,NILL,BOLT_001295,Revos,Charging,,,"{'latitude': 28.5624569029047, 'longitude': 77.2873696312308}",24 hours,1
DELHI,110025,3.3 KW,New Delhi,23:59:59,,India,28.5623912811279,77.2873458862304,00:00:00,E-Wallet/Card/UPI,Unstaffed,1,BOLT 16A LITE 240V 5A/15A Socket,NILL,BOLT_001296,Revos,Charging,,,"{'latitude': 28.5623912811279, 'longitude': 77.2873458862304}",24 hours,1
DELHI,110025,3.3 KW,New Delhi,23:59:59,,India,28.5623785733682,77.2872616723179,00:00:00,E-Wallet/Card/UPI,Unstaffed,1,BOLT 16A LITE 240V 5A/15A Socket,NILL,BOLT_001171,Revos,Charging,,,"{'latitude': 28.5623785733682, 'longitude': 77.2872616723179}",24 hours,1
DELHI,110025,3.3 KW,New Delhi,23:59:59,,India,28.5623989105224,77.2873611450195,00:00:00,E-Wallet/Card/UPI,Unstaffed,1,BOLT 16A LITE 240V 5A/15A Socket,NILL,BOLT_001316,Revos,Charging,,,"{'latitude': 28.5623989105224, 'longitude': 77.2873611450195}",24 hours,1
DELHI,110025,3.3 KW,New Delhi,23:59:59,,India,28.5624224496947,77.2873310744762,00:00:00,E-Wallet/Card/UPI,Unstaffed,1,BOLT 16A LITE 240V 5A/15A Socket,NILL,BOLT_001328,Revos,Charging,,,"{'latitude': 28.5624224496947, 'longitude': 77.2873310744762}",24 hours,1
DELHI,110025,3.3 KW,New Delhi,23:59:59,,India,28.5624732971191,77.2873458862304,00:00:00,E-Wallet/Card/UPI,Unstaffed,1,BOLT 16A LITE 240V 5A/15A Socket,NILL,BOLT_001308,Revos,Charging,,,"{'latitude': 28.5624732971191, 'longitude': 77.2873458862304}",24 hours,1
DELHI,110025,3.3 KW,New Delhi,23:59:59,,India,28.5624275207519,77.2873229980468,00:00:00,E-Wallet/Card/UPI,Unstaffed,1,BOLT 16A LITE 240V 5A/15A Socket,NILL,BOLT_001170,Revos,Charging,,,"{'latitude': 28.5624275207519, 'longitude': 77.2873229980468}",24 hours,1
DELHI,110025,3.3 KW,New Delhi,23:59:59,,India,28.5624485015869,77.2873077392578,00:00:00,E-Wallet/Card/UPI,Unstaffed,1,BOLT 16A LITE 240V 5A/15A Socket,NILL,BOLT_001325,Revos,Charging,,,"{'latitude': 28.5624485015869, 'longitude': 77.2873077392578}",24 hours,1
DELHI,110025,3.3 KW,New Delhi,23:59:59,,India,28.5624561309814,77.2873764038086,00:00:00,E-Wallet/Card/UPI,Unstaffed,1,BOLT 16A LITE 240V 5A/15A Socket,NILL,BOLT_001318,Revos,Charging,,,"{'latitude': 28.5624561309814, 'longitude': 77.2873764038086}",24 hours,1
DELHI,110025,3.3 KW,New Delhi,23:59:59,,India,28.56245803833,77.287353515625,00:00:00,E-Wallet/Card/UPI,Unstaffed,1,BOLT 16A LITE 240V 5A/15A Socket,NILL,BOLT_001326,Revos,Charging,,,"{'latitude': 28.56245803833, 'longitude': 77.287353515625}",24 hours,1
DELHI,110025,3.3 KW,New Delhi,23:59:59,,India,28.5624752044677,77.2873840332031,00:00:00,E-Wallet/Card/UPI,Unstaffed,1,BOLT 16A LITE 240V 5A/15A Socket,NILL,BOLT_001172,Revos,Charging,,,"{'latitude': 28.5624752044677, 'longitude': 77.2873840332031}",24 hours,1
DELHI,110025,3.3 KW,New Delhi,23:59:59,,India,28.5624732971191,77.2873458862304,00:00:00,E-Wallet/Card/UPI,Unstaffed,1,BOLT 16A LITE 240V 5A/15A Socket,NILL,BOLT_001327,Revos,Charging,,,"{'latitude': 28.5624732971191, 'longitude': 77.2873458862304}",24 hours,1
DELHI,110025,3.3 KW,New Delhi,23:59:59,,India,28.5624446868896,77.2873611450195,00:00:00,E-Wallet/Card/UPI,Unstaffed,1,BOLT 16A LITE 240V 5A/15A Socket,NILL,BOLT_001324,Revos,Charging,,,"{'latitude': 28.5624446868896, 'longitude': 77.2873611450195}",24 hours,1
DELHI,110025,3.3 KW,New Delhi,23:59:59,,India,28.5624313354492,77.2874145507812,00:00:00,E-Wallet/Card/UPI,Unstaffed,1,BOLT 16A LITE 240V 5A/15A Socket,NILL,BOLT_001297,Revos,Charging,,,"{'latitude': 28.5624313354492, 'longitude': 77.2874145507812}",24 hours,1
DELHI,110025,3.3 KW,New Delhi,23:59:59,,India,28.5624463019182,77.287256643176,00:00:00,E-Wallet/Card/UPI,Unstaffed,1,BOLT 16A LITE 240V 5A/15A Socket,NILL,BOLT_001173,Revos,Charging,,,"{'latitude': 28.5624463019182, 'longitude': 77.287256643176}",24 hours,1
New Delhi,110041,3.3 KW,New Delhi,23:59:59,,India,28.6808738708496,77.0882415771484,00:00:00,E-Wallet/Card/UPI,Unstaffed,1,BOLT 16A LITE 240V 5A/15A Socket,NILL,BOLT_002885,Revos,Charging,,,"{'latitude': 28.6808738708496, 'longitude': 77.0882415771484}",24 hours,1
NA,110076,3.3 KW,New Delhi,23:59:59,,India,28.521745665865,77.2929137572646,00:00:00,E-Wallet/Card/UPI,Unstaffed,1,BOLT 16A LITE 240V 5A/15A Socket,NILL,BOLT_004246,Revos,Charging,,,"{'latitude': 28.521745665865, 'longitude': 77.2929137572646}",24 hours,1
G57 Vikas Marg Laxmi Nagar Delhi 110092,110092,3.3 KW,Delhi,23:59:59,15,India,28.6327991801547,77.2807522863149,00:00:00,E-Wallet/Card/UPI,Unstaffed,1,BOLT 16A LITE 240V 5A/15A Socket,NILL,BOLT_004758,Revos,Charging,,,"{'latitude': 28.6327991801547, 'longitude': 77.2807522863149}",24 hours,1
"plot no-57, kh. no-13/13, 13/1, 13/2 Railway road, samepur Delhi-42",110042,3.3 KW,Delhi,23:59:59,,India,28.7495053449427,77.1460011228918,00:00:00,E-Wallet/Card/UPI,Unstaffed,1,BOLT 16A LITE 240V 5A/15A Socket,NILL,BOLT_004184,Revos,Charging,,,"{'latitude': 28.7495053449427, 'longitude': 77.1460011228918}",24 hours,1
77.292667267478,110076,3.3 KW,New Delhi,23:59:59,5,India,28.5289341149285,77.292667267478,00:00:00,E-Wallet/Card/UPI,Unstaffed,1,BOLT 16A LITE 240V 5A/15A Socket,NILL,BOLT_002560,Revos,Charging,,,"{'latitude': 28.5289341149285, 'longitude': 77.292667267478}",24 hours,1
"Sanjay Colony II, Sanjay Colony, Okhla Phase II, Okhla Industrial Estate, New Delhi, Delhi 110020",110020,3.3 KW,New Delhi,23:59:59,5,India,28.5413247,77.2755771,00:00:00,E-Wallet/Card/UPI,Unstaffed,1,BOLT 16A LITE 240V 5A/15A Socket,NILL,BOLT_002559,Revos,Charging,,,"{'latitude': 28.5413247, 'longitude': 77.2755771}",24 hours,1
"Sanjay Colony II, Sanjay Colony, Okhla Phase II, Okhla Industrial Estate, New Delhi, Delhi 110020",110020,3.3 KW,New Delhi,23:59:59,5,India,28.5413247,77.2755771,00:00:00,E-Wallet/Card/UPI,Unstaffed,1,BOLT 16A LITE 240V 5A/15A Socket,NILL,BOLT_002552,Revos,Charging,,,"{'latitude': 28.5413247, 'longitude': 77.2755771}",24 hours,1
"Sanjay Colony II, Sanjay Colony, Okhla Phase II, Okhla Industrial Estate, New Delhi, Delhi 110020",110020,3.3 KW,New Delhi,23:59:59,5,India,28.5413247,77.2755771,00:00:00,E-Wallet/Card/UPI,Unstaffed,1,BOLT 16A LITE 240V 5A/15A Socket,NILL,BOLT_002558,Revos,Charging,,,"{'latitude': 28.5413247, 'longitude': 77.2755771}",24 hours,1
"Sanjay Colony II, Sanjay Colony, Okhla Phase II, Okhla Industrial Estate, New Delhi, Delhi 110020",110020,3.3 KW,New Delhi,23:59:59,5,India,28.5413247,77.2755771,00:00:00,E-Wallet/Card/UPI,Unstaffed,1,BOLT 16A LITE 240V 5A/15A Socket,NILL,BOLT_002554,Revos,Charging,,,"{'latitude': 28.5413247, 'longitude': 77.2755771}",24 hours,1
"2/115 Geeta colony, Near Ramlila ground",110031,3.3 KW,New Delhi,23:59:59,12,India,28.6544140864978,77.2735257446765,00:00:00,E-Wallet/Card/UPI,Unstaffed,1,BOLT 16A LITE 240V 5A/15A Socket,NILL,BOLT_004606,Revos,Charging,,,"{'latitude': 28.6544140864978, 'longitude': 77.2735257446765}",24 hours,1
"Ps Enterprise Shop No-9 GT Road Shahdara, near petrol pump",110032,3.3 KW,New Delhi,23:59:59,,India,28.6755735995546,77.2908591851592,00:00:00,E-Wallet/Card/UPI,Unstaffed,1,BOLT 16A LITE 240V 5A/15A Socket,NILL,BOLT_003225,Revos,Charging,,,"{'latitude': 28.6755735995546, 'longitude': 77.2908591851592}",24 hours,1
"PS Enterprise, Shoop No-9, DDA market, Shahdara, Near petrol pump",110032,3.3 KW,Delhi,23:59:59,,India,28.6754582908164,77.2910425812005,00:00:00,E-Wallet/Card/UPI,Unstaffed,1,BOLT 16A LITE 240V 5A/15A Socket,NILL,BOLT_002882,Revos,Charging,,,"{'latitude': 28.6754582908164, 'longitude': 77.2910425812005}",24 hours,1
Lohia auto new Delhi,110030,3.3 KW,New Delhi,23:59:59,,India,28.498025894165,77.1593017578125,00:00:00,E-Wallet/Card/UPI,Unstaffed,1,BOLT 16A LITE 240V 5A/15A Socket,NILL,BOLT_003481,Revos,Charging,,,"{'latitude': 28.498025894165, 'longitude': 77.1593017578125}",24 hours,1
"473, Britannia Rd, Tri Nagar, Delhi, 110034",110034,3.3 KW,Delhi,23:59:59,5,India,28.6807207,77.1553153,00:00:00,E-Wallet/Card/UPI,Unstaffed,1,BOLT 16A LITE 240V 5A/15A Socket,NILL,BOLT_001806,Revos,Charging,,,"{'latitude': 28.6807207, 'longitude': 77.1553153}",24 hours,1
"Pocket E Sarita Vihar, Sarita Vihar, New Delhi, Delhi 110076",110076,3.3 KW,New Delhi,23:59:59,5,India,28.5289341149285,77.292667267478,00:00:00,E-Wallet/Card/UPI,Unstaffed,1,BOLT 16A LITE 240V 5A/15A Socket,NILL,BOLT_001848,Revos,Charging,,,"{'latitude': 28.5289341149285, 'longitude': 77.292667267478}",24 hours,1
"Matiala, Delhi, 110078",110078,3.3 KW,Delhi,23:59:59,5,India,28.6086865,77.0494577,00:00:00,E-Wallet/Card/UPI,Unstaffed,1,BOLT 16A LITE 240V 5A/15A Socket,NILL,BOLT_001728,Revos,Charging,,,"{'latitude': 28.6086865, 'longitude': 77.0494577}",24 hours,1
"Matiala, Delhi, 110078",110078,3.3 KW,Delhi,23:59:59,5,India,28.6086865,77.0494577,00:00:00,E-Wallet/Card/UPI,Unstaffed,1,BOLT 16A LITE 240V 5A/15A Socket,NILL,BOLT_004072,Revos,Charging,,,"{'latitude': 28.6086865, 'longitude': 77.0494577}",24 hours,1
"Matiala, Delhi, 110078",110078,3.3 KW,Delhi,23:59:59,5,India,28.6086865,77.0494577,00:00:00,E-Wallet/Card/UPI,Unstaffed,1,BOLT 16A LITE 240V 5A/15A Socket,NILL,BOLT_004261,Revos,Charging,,,"{'latitude': 28.6086865, 'longitude': 77.0494577}",24 hours,1
"Matiala, Delhi, 110078",110078,3.3 KW,Delhi,23:59:59,5,India,28.6086865,77.0494577,00:00:00,E-Wallet/Card/UPI,Unstaffed,1,BOLT 16A LITE 240V 5A/15A Socket,NILL,BOLT_004581,Revos,Charging,,,"{'latitude': 28.6086865, 'longitude': 77.0494577}",24 hours,1
"Matiala, Delhi, 110078",110078,3.3 KW,Delhi,23:59:59,5,India,28.6086865,77.0494577,00:00:00,E-Wallet/Card/UPI,Unstaffed,1,BOLT 16A LITE 240V 5A/15A Socket,NILL,BOLT_003439,Revos,Charging,,,"{'latitude': 28.6086865, 'longitude': 77.0494577}",24 hours,1
"Matiala, Delhi, 110078",110078,3.3 KW,Delhi,23:59:59,5,India,28.6086865,77.0494577,00:00:00,E-Wallet/Card/UPI,Unstaffed,1,BOLT 16A LITE 240V 5A/15A Socket,NILL,BOLT_003522,Revos,Charging,,,"{'latitude': 28.6086865, 'longitude': 77.0494577}",24 hours,1
Sahara evols saket,110030,3.3 KW,New Delhi,23:59:59,,India,28.5195406691519,77.2008177638053,00:00:00,E-Wallet/Card/UPI,Unstaffed,1,BOLT 16A LITE 240V 5A/15A Socket,NILL,BOLT_002881,Revos,Charging,,,"{'latitude': 28.5195406691519, 'longitude': 77.2008177638053}",24 hours,1
"Pocket E Sarita Vihar, Sarita Vihar, New Delhi, Delhi 110076",110076,3.3 KW,New Delhi,23:59:59,5,India,28.5289341149285,77.292667267478,00:00:00,E-Wallet/Card/UPI,Unstaffed,1,BOLT 16A LITE 240V 5A/15A Socket,NILL,BOLT_003266,Revos,Charging,,,"{'latitude': 28.5289341149285, 'longitude': 77.292667267478}",24 hours,1
"473, Britannia Rd, Tri Nagar, Delhi, 110034",110034,3.3 KW,Delhi,23:59:59,5,India,28.6807207,77.1553153,00:00:00,E-Wallet/Card/UPI,Unstaffed,1,BOLT 16A LITE 240V 5A/15A Socket,NILL,BOLT_002842,Revos,Charging,,,"{'latitude': 28.6807207, 'longitude': 77.1553153}",24 hours,1
"7882, Dina nath road, kharian mohalla new delhi",110007,3.3 KW,Delhi,23:59:59,,India,28.6698506619531,77.2018376737833,00:00:00,E-Wallet/Card/UPI,Unstaffed,1,BOLT 16A LITE 240V 5A/15A Socket,NILL,BOLT_003671,Revos,Charging,,,"{'latitude': 28.6698506619531, 'longitude': 77.2018376737833}",24 hours,1
"BB-7A, SHOP NO.3, SHALIMAR BAGH,  NEAR UNDERPASS,OPP FLAG, NEW DELHI-110088",110088,3.3 KW,Delhi,23:59:59,20,India,28.7196903228759,77.161018371582,00:00:00,E-Wallet/Card/UPI,Unstaffed,1,BOLT 16A LITE 240V 5A/15A Socket,NILL,BOLT_004437,Revos,Charging,,,"{'latitude': 28.7196903228759, 'longitude': 77.161018371582}",24 hours,1
"Nithari Chowk, Fauji Vatika, ShivRam Pan Bhandar
Kirari Suleman Nagar, Delhi-110086",110086,3.3 KW,Delhi,23:59:59,10,India,28.7043342590332,77.0538101196289,00:00:00,E-Wallet/Card/UPI,Unstaffed,1,BOLT 16A LITE 240V 5A/15A Socket,NILL,BOLT_004577,Revos,Charging,,,"{'latitude': 28.7043342590332, 'longitude': 77.0538101196289}",24 hours,1
scope minar PNB Bank,110092,3.3 KW,Delhi,23:59:59,15,India,28.6386623382568,77.2850723266601,00:00:00,E-Wallet/Card/UPI,Unstaffed,1,BOLT 16A LITE 240V 5A/15A Socket,NILL,BOLT_003754,Revos,Charging,,,"{'latitude': 28.6386623382568, 'longitude': 77.2850723266601}",24 hours,1
Pocket 3 Sector 23 Rohini Delhi,110086,3.3 KW,Delhi,23:59:59,30,India,28.7209403796492,77.0801807194948,00:00:00,E-Wallet/Card/UPI,Unstaffed,1,BOLT 16A LITE 240V 5A/15A Socket,NILL,BOLT_004781,Revos,Charging,,,"{'latitude': 28.7209403796492, 'longitude': 77.0801807194948}",24 hours,1
"557 A, G. T. Road, opp.UCO bank,Shahdara,Delhi-110032",110032,3.3 KW,New Delhi,23:59:59,30,India,28.6761207260215,77.2954695671796,00:00:00,E-Wallet/Card/UPI,Unstaffed,1,BOLT 16A LITE 240V 5A/15A Socket,NILL,BOLT_003817,Revos,Charging,,,"{'latitude': 28.6761207260215, 'longitude': 77.2954695671796}",24 hours,1
Pocket 3 Sector 23 Rohini Delhi,110085,3.3 KW,Delhi,23:59:59,30,India,28.7218468618982,77.0788211748004,00:00:00,E-Wallet/Card/UPI,Unstaffed,1,BOLT 16A LITE 240V 5A/15A Socket,NILL,BOLT_004099,Revos,Charging,,,"{'latitude': 28.7218468618982, 'longitude': 77.0788211748004}",24 hours,1
"plot no-1,khasra no-768/1, siraspur",110042,3.3 KW,Delhi,23:59:59,15,India,28.7605628967285,77.1264114379882,00:00:00,E-Wallet/Card/UPI,Unstaffed,1,BOLT 16A LITE 240V 5A/15A Socket,NILL,BOLT_004485,Revos,Charging,,,"{'latitude': 28.7605628967285, 'longitude': 77.1264114379882}",24 hours,1
"Birla Farm, Opp JVTS Garden Gate, Chattarpur Extension, New Delhi 110074",110074,3.3 KW,New Delhi,23:59:59,,India,28.4922370910644,77.1804656982421,00:00:00,E-Wallet/Card/UPI,Unstaffed,1,BOLT 16A LITE 240V 5A/15A Socket,NILL,BOLT_002867,Revos,Charging,,,"{'latitude': 28.4922370910644, 'longitude': 77.1804656982421}",24 hours,1
"Garud Automobiles  pillar no 748, near Nawada metro station",110059,3.3 KW,Delhi,23:59:59,25,India,28.6199968567493,77.0406369119882,00:00:00,E-Wallet/Card/UPI,Unstaffed,1,BOLT 16A LITE 240V 5A/15A Socket,NILL,BOLT_003581,Revos,Charging,,,"{'latitude': 28.6199968567493, 'longitude': 77.0406369119882}",24 hours,1
"Garud Automobiles  pillar no 748, near nawada metro station",110059,3.3 KW,Delhi,23:59:59,25,India,28.6202114090299,77.0406868681311,00:00:00,E-Wallet/Card/UPI,Unstaffed,1,BOLT 16A LITE 240V 5A/15A Socket,NILL,BOLT_003669,Revos,Charging,,,"{'latitude': 28.6202114090299, 'longitude': 77.0406868681311}",24 hours,1
"shop no.2, harphool singh building ,clock tower, subzi mandi, delhi",110007,3.3 KW,Delhi,23:59:59,20,India,28.6753179787367,77.201842367649,00:00:00,E-Wallet/Card/UPI,Unstaffed,1,BOLT 16A LITE 240V 5A/15A Socket,NILL,BOLT_003399,Revos,Charging,,,"{'latitude': 28.6753179787367, 'longitude': 77.201842367649}",24 hours,1
2466 roshnara road subzi mandi delhi,110007,3.3 KW,New Delhi,23:59:59,20,India,28.6725822968653,77.2017639130353,00:00:00,E-Wallet/Card/UPI,Unstaffed,1,BOLT 16A LITE 240V 5A/15A Socket,NILL,BOLT_004006,Revos,Charging,,,"{'latitude': 28.6725822968653, 'longitude': 77.2017639130353}",24 hours,1
2466 roshnara road subzi mandi delhi 110007,110007,3.3 KW,Delhi,23:59:59,20,India,28.6733918308134,77.2018467262387,00:00:00,E-Wallet/Card/UPI,Unstaffed,1,BOLT 16A LITE 240V 5A/15A Socket,NILL,BOLT_004010,Revos,Charging,,,"{'latitude': 28.6733918308134, 'longitude': 77.2018467262387}",24 hours,1
Shakti Vihar.,110044,3.3 KW,New Delhi,23:59:59,25,India,28.50129,77.32115,00:00:00,E-Wallet/Card/UPI,Unstaffed,1,BOLT 16A LITE 240V 5A/15A Socket,NILL,BOLT_004450,Revos,Charging,,,"{'latitude': 28.50129, 'longitude': 77.32115}",24 hours,1
"E -12, ground floor, Lajpat Nagar 1, New Delhi 110024",110024,3.3 KW,New Delhi,23:59:59,5,India,28.5733477,77.2372255,00:00:00,E-Wallet/Card/UPI,Unstaffed,1,BOLT 16A LITE 240V 5A/15A Socket,NILL,BOLT_003352,Revos,Charging,,,"{'latitude': 28.5733477, 'longitude': 77.2372255}",24 hours,1
"B 60, DDA Colony, New jafrabad,Delhi",110032,3.3 KW,New Delhi,23:59:59,30,India,28.6844764040059,77.2797001898288,00:00:00,E-Wallet/Card/UPI,Unstaffed,1,BOLT 16A LITE 240V 5A/15A Socket,NILL,BOLT_003583,Revos,Charging,,,"{'latitude': 28.6844764040059, 'longitude': 77.2797001898288}",24 hours,1
"B60, DDA Colony, New Jafrabad Delhi",110032,3.3 KW,New Delhi,23:59:59,30,India,28.6844690507611,77.2795865312218,00:00:00,E-Wallet/Card/UPI,Unstaffed,1,BOLT 16A LITE 240V 5A/15A Socket,NILL,BOLT_003584,Revos,Charging,,,"{'latitude': 28.6844690507611, 'longitude': 77.2795865312218}",24 hours,1
"h. no. 830, st. no. 30, indra chowk, jafrabad",110053,3.3 KW,Delhi,23:59:59,30,India,28.6804535137299,77.2715053707361,00:00:00,E-Wallet/Card/UPI,Unstaffed,1,BOLT 16A LITE 240V 5A/15A Socket,NILL,BOLT_005616,Revos,Charging,,,"{'latitude': 28.6804535137299, 'longitude': 77.2715053707361}",24 hours,1
C-147 20 futa road meet Nagar Delhi 110093,110093,3.3 KW,New Delhi,23:59:59,40,India,28.7041691877432,77.3009637370705,00:00:00,E-Wallet/Card/UPI,Unstaffed,1,BOLT 16A LITE 240V 5A/15A Socket,NILL,BOLT_004164,Revos,Charging,,,"{'latitude': 28.7041691877432, 'longitude': 77.3009637370705}",24 hours,1
"E -12, ground floor, Lajpat Nagar 1, New Delhi 110024",110024,3.3 KW,New Delhi,23:59:59,5,India,28.5733477,77.2372255,00:00:00,E-Wallet/Card/UPI,Unstaffed,1,BOLT 16A LITE 240V 5A/15A Socket,NILL,BOLT_004496,Revos,Charging,,,"{'latitude': 28.5733477, 'longitude': 77.2372255}",24 hours,1
"E -12, ground floor, Lajpat Nagar 1, New Delhi 110024",110024,3.3 KW,New Delhi,23:59:59,5,India,28.5733477,77.2372255,00:00:00,E-Wallet/Card/UPI,Unstaffed,1,BOLT 16A LITE 240V 5A/15A Socket,NILL,BOLT_004751,Revos,Charging,,,"{'latitude': 28.5733477, 'longitude': 77.2372255}",24 hours,1
"E -12, ground floor, Lajpat Nagar 1, New Delhi 110024",110024,3.3 KW,New Delhi,23:59:59,5,India,28.5733477,77.2372255,00:00:00,E-Wallet/Card/UPI,Unstaffed,1,BOLT 16A LITE 240V 5A/15A Socket,NILL,BOLT_002930,Revos,Charging,,,"{'latitude': 28.5733477, 'longitude': 77.2372255}",24 hours,1
"E -12, ground floor, Lajpat Nagar 1, New Delhi 110024",110024,3.3 KW,New Delhi,23:59:59,5,India,28.5733477,77.2372255,00:00:00,E-Wallet/Card/UPI,Unstaffed,1,BOLT 16A LITE 240V 5A/15A Socket,NILL,BOLT_003097,Revos,Charging,,,"{'latitude': 28.5733477, 'longitude': 77.2372255}",24 hours,1
"E -12, ground floor, Lajpat Nagar 1, New Delhi 110024",110024,3.3 KW,New Delhi,23:59:59,5,India,28.5733477,77.2372255,00:00:00,E-Wallet/Card/UPI,Unstaffed,1,BOLT 16A LITE 240V 5A/15A Socket,NILL,BOLT_004244,Revos,Charging,,,"{'latitude': 28.5733477, 'longitude': 77.2372255}",24 hours,1
A 59 Gali No 6 Suraj Park Delhi 110042,110089,3.3 KW,New Delhi,23:59:59,20,India,28.7434107651609,77.1355824172496,00:00:00,E-Wallet/Card/UPI,Unstaffed,1,BOLT 16A LITE 240V 5A/15A Socket,NILL,BOLT_003484,Revos,Charging,,,"{'latitude': 28.7434107651609, 'longitude': 77.1355824172496}",24 hours,1
baldev vihar delhi,110081,3.3 KW,Delhi,23:59:59,40,India,28.7384079644107,77.0419029146432,00:00:00,E-Wallet/Card/UPI,Unstaffed,1,BOLT 16A LITE 240V 5A/15A Socket,NILL,BOLT_005071,Revos,Charging,,,"{'latitude': 28.7384079644107, 'longitude': 77.0419029146432}",24 hours,1
kondli sabzi Mandi chowk near agrawal sweets shop name  Ali store Delhi 110096,110096,3.3 KW,New Delhi,23:59:59,50,India,28.6144189322315,77.3262247815728,00:00:00,E-Wallet/Card/UPI,Unstaffed,1,BOLT 16A LITE 240V 5A/15A Socket,NILL,BOLT_003855,Revos,Charging,,,"{'latitude': 28.6144189322315, 'longitude': 77.3262247815728}",24 hours,1
124 A Basement K.H.No.-45/22 Baporla Vihar village Bazorla Near Kalawati school NEW DELHI 110043,110043,3.3 KW,Delhi,23:59:59,25,India,28.6354389190673,77.0161590576171,00:00:00,E-Wallet/Card/UPI,Unstaffed,1,BOLT 16A LITE 240V 5A/15A Socket,NILL,BOLT_00006072,Revos,Charging,,,"{'latitude': 28.6354389190673, 'longitude': 77.0161590576171}",24 hours,1
Apex Graphics 12A/52A Road no 66 near crispers food maujpur delhi 110053,110053,3.3 KW,Delhi,23:59:59,40,India,28.6846755296781,77.2753104194998,00:00:00,E-Wallet/Card/UPI,Unstaffed,1,BOLT 16A LITE 240V 5A/15A Socket,NILL,BOLT_003926,Revos,Charging,,,"{'latitude': 28.6846755296781, 'longitude': 77.2753104194998}",24 hours,1
12A/52A Road no.66 near crispers food maujur delhi 110053,110053,3.3 KW,Delhi,23:59:59,40,India,28.6846667058011,77.2752960026264,00:00:00,E-Wallet/Card/UPI,Unstaffed,1,BOLT 16A LITE 240V 5A/15A Socket,NILL,BOLT_004777,Revos,Charging,,,"{'latitude': 28.6846667058011, 'longitude': 77.2752960026264}",24 hours,1
12A/52A Road no.66 near crispers food maujur delhi 110053,110053,3.3 KW,Delhi,23:59:59,40,India,28.6846825887792,77.2753006964922,00:00:00,E-Wallet/Card/UPI,Unstaffed,1,BOLT 16A LITE 240V 5A/15A Socket,NILL,BOLT_004438,Revos,Charging,,,"{'latitude': 28.6846825887792, 'longitude': 77.2753006964922}",24 hours,1
H-6/9 malviya nagar new delhi-110017,110017,3.3 KW,New Delhi,23:59:59,10,India,28.5304908752441,77.2098388671875,00:00:00,E-Wallet/Card/UPI,Unstaffed,1,BOLT 16A LITE 240V 5A/15A Socket,NILL,BOLT_00009635,Revos,Charging,,,"{'latitude': 28.5304908752441, 'longitude': 77.2098388671875}",24 hours,1
"WS-94, Gali No. 3, BudhBazaar Road, Sudamapuri, Babarpur, Shahdara, Delhi 110032",110032,3.3 KW,Delhi,23:59:59,40,India,28.6862235203286,77.2771621495485,00:00:00,E-Wallet/Card/UPI,Unstaffed,1,BOLT 16A LITE 240V 5A/15A Socket,NILL,BOLT_003668,Revos,Charging,,,"{'latitude': 28.6862235203286, 'longitude': 77.2771621495485}",24 hours,1
"WS-94, Gali No 3, BudhBazaar Road, Sudamapuri, Babarpur, Shahdara, Delhi 110032",110032,3.3 KW,New Delhi,23:59:59,40,India,28.6860014558137,77.2770478203892,00:00:00,E-Wallet/Card/UPI,Unstaffed,1,BOLT 16A LITE 240V 5A/15A Socket,NILL,BOLT_004522,Revos,Charging,,,"{'latitude': 28.6860014558137, 'longitude': 77.2770478203892}",24 hours,1
"WS-94, Gali No 3, BudhBazaar Road, Sudamapuri, Babarpur, Shahdara, Delhi 1110032",110032,3.3 KW,New Delhi,23:59:59,40,India,28.686028515356,77.2769827768206,00:00:00,E-Wallet/Card/UPI,Unstaffed,1,BOLT 16A LITE 240V 5A/15A Socket,NILL,BOLT_003667,Revos,Charging,,,"{'latitude': 28.686028515356, 'longitude': 77.2769827768206}",24 hours,1
"169, Dharampura, Najafgarh, New Delhi  - 110043",110043,3.3 KW,New Delhi,23:59:59,30,India,28.6033728728444,76.9891988486051,00:00:00,E-Wallet/Card/UPI,Unstaffed,1,BOLT 16A LITE 240V 5A/15A Socket,NILL,BOLT_005093,Revos,Charging,,,"{'latitude': 28.6033728728444, 'longitude': 76.9891988486051}",24 hours,1
"131, Gopal Nagar P Block, Near Green Gold School
Najafgarh, New Delhi -110043",110043,3.3 KW,Delhi,23:59:59,20,India,28.6133689880371,76.9650268554687,00:00:00,E-Wallet/Card/UPI,Unstaffed,1,BOLT 16A LITE 240V 5A/15A Socket,NILL,BOLT_005179,Revos,Charging,,,"{'latitude': 28.6133689880371, 'longitude': 76.9650268554687}",24 hours,1
k 27 Gali no. 10 pipal wala road Mohan Garden Uttam Nagar New Delhi 110059,110059,3.3 KW,Delhi,23:59:59,20,India,28.6270999908447,77.0381393432617,00:00:00,E-Wallet/Card/UPI,Unstaffed,1,BOLT 16A LITE 240V 5A/15A Socket,NILL,BOLT_00006091,Revos,Charging,,,"{'latitude': 28.6270999908447, 'longitude': 77.0381393432617}",24 hours,1
"T-241, Param puri Uttam Nagar New Delhi 110059",110059,3.3 KW,New Delhi,23:59:59,,India,28.6173338997748,77.0560777187347,00:00:00,E-Wallet/Card/UPI,Unstaffed,1,BOLT 16A LITE 240V 5A/15A Socket,NILL,BOLT_005099,Revos,Charging,,,"{'latitude': 28.6173338997748, 'longitude': 77.0560777187347}",24 hours,1
"4 west laxmi market,  khureji,  delhi -51",110031,3.3 KW,New Delhi,23:59:59,20,India,28.6441955566406,77.279312133789,00:00:00,E-Wallet/Card/UPI,Unstaffed,1,BOLT 16A LITE 240V 5A/15A Socket,NILL,BOLT_004360,Revos,Charging,,,"{'latitude': 28.6441955566406, 'longitude': 77.279312133789}",24 hours,1
"w_49 pvc market , pashim vihar",110087,3.3 KW,Delhi,23:59:59,40,India,28.6730044201805,77.0794320479035,00:00:00,E-Wallet/Card/UPI,Unstaffed,1,BOLT 16A LITE 240V 5A/15A Socket,NILL,BOLT_003504,Revos,Charging,,,"{'latitude': 28.6730044201805, 'longitude': 77.0794320479035}",24 hours,1
neenja,110065,3.3 KW,New Delhi,23:59:59,100,India,28.5621261596679,77.2595901489257,00:00:00,E-Wallet/Card/UPI,Unstaffed,1,BOLT 16A LITE 240V 5A/15A Socket,NILL,BOLT_00008545,Revos,Charging,,,"{'latitude': 28.5621261596679, 'longitude': 77.2595901489257}",24 hours,1
a-27 gali no 3 mahamaya kunj opposite S.R convent school,201102,3.3 KW,Delhi,23:59:59,5,India,28.7175426483154,77.3154525756836,00:00:00,E-Wallet/Card/UPI,Unstaffed,1,BOLT 16A LITE 240V 5A/15A Socket,NILL,BOLT_00006859,Revos,Charging,,,"{'latitude': 28.7175426483154, 'longitude': 77.3154525756836}",24 hours,1
555/1karkari road vishwas nagar delhi,110032,3.3 KW,Delhi,23:59:59,30,India,28.6662649521058,77.2936218604445,00:00:00,E-Wallet/Card/UPI,Unstaffed,1,BOLT 16A LITE 240V 5A/15A Socket,NILL,BOLT_005443,Revos,Charging,,,"{'latitude': 28.6662649521058, 'longitude': 77.2936218604445}",24 hours,1
555/1 karkari road viswash nagar,110032,3.3 KW,Delhi,23:59:59,40,India,28.6662620102966,77.2936634346842,00:00:00,E-Wallet/Card/UPI,Unstaffed,1,BOLT 16A LITE 240V 5A/15A Socket,NILL,BOLT_004949,Revos,Charging,,,"{'latitude': 28.6662620102966, 'longitude': 77.2936634346842}",24 hours,1
wz-1 basai road  pankha market opp metro piller no. 322 basai road,110015,3.3 KW,New Delhi,23:59:59,20,India,28.6564197540283,77.1389083862304,00:00:00,E-Wallet/Card/UPI,Unstaffed,1,BOLT 16A LITE 240V 5A/15A Socket,NILL,BOLT_00008506,Revos,Charging,,,"{'latitude': 28.6564197540283, 'longitude': 77.1389083862304}",24 hours,1
C-1/207 harsh vihar near lal mandir 110093,110093,3.3 KW,Delhi,23:59:59,40,India,28.7013251550705,77.322078756988,00:00:00,E-Wallet/Card/UPI,Unstaffed,1,BOLT 16A LITE 240V 5A/15A Socket,NILL,BOLT_004950,Revos,Charging,,,"{'latitude': 28.7013251550705, 'longitude': 77.322078756988}",24 hours,1
C1/207 Harsh vihar Delhi 93,110093,3.3 KW,Delhi,23:59:59,40,India,28.7013580922991,77.3222148790955,00:00:00,E-Wallet/Card/UPI,Unstaffed,1,BOLT 16A LITE 240V 5A/15A Socket,NILL,BOLT_004607,Revos,Charging,,,"{'latitude': 28.7013580922991, 'longitude': 77.3222148790955}",24 hours,1
C1/207 Harsh vihar Delhi 93,110093,3.3 KW,Delhi,23:59:59,40,India,28.701225755157,77.3219020664691,00:00:00,E-Wallet/Card/UPI,Unstaffed,1,BOLT 16A LITE 240V 5A/15A Socket,NILL,BOLT_004864,Revos,Charging,,,"{'latitude': 28.701225755157, 'longitude': 77.3219020664691}",24 hours,1
A-7 Jawahar Park,110062,3.3 KW,New Delhi,23:59:59,,India,28.5077877044677,77.2318725585937,00:00:00,E-Wallet/Card/UPI,Unstaffed,1,BOLT 16A LITE 240V 5A/15A Socket,NILL,BOLT_00006323,Revos,Charging,,,"{'latitude': 28.5077877044677, 'longitude': 77.2318725585937}",24 hours,1
RZ-49/256 GALI NO.3 DAYAL PARK NEAR MCD SCHOOL,110046,3.3 KW,New Delhi,23:59:59,12,India,28.6054191589355,77.0959320068359,00:00:00,E-Wallet/Card/UPI,Unstaffed,1,BOLT 16A LITE 240V 5A/15A Socket,NILL,BOLT_00010567,Revos,Charging,,,"{'latitude': 28.6054191589355, 'longitude': 77.0959320068359}",24 hours,1
shop No 18  Main Chowk Budhpur Delhi 110036,110036,3.3 KW,Delhi,23:59:59,50,India,28.7814617156982,77.1375503540039,00:00:00,E-Wallet/Card/UPI,Unstaffed,1,BOLT 16A LITE 240V 5A/15A Socket,NILL,BOLT_00010662,Revos,Charging,,,"{'latitude': 28.7814617156982, 'longitude': 77.1375503540039}",24 hours,1
sing Shbha rod Saktinagar 5/4  car max Amba chimera,110007,3.3 KW,Delhi,23:59:59,50,India,28.6757678985595,77.1991348266601,00:00:00,E-Wallet/Card/UPI,Unstaffed,1,BOLT 16A LITE 240V 5A/15A Socket,NILL,BOLT_004692,Revos,Charging,,,"{'latitude': 28.6757678985595, 'longitude': 77.1991348266601}",24 hours,1
D 70 Guru Nanak Dev Colony Bhalswa dairy near shiv chowk Delhi 110042,110042,3.3 KW,Delhi,23:59:59,70,India,28.7506011733978,77.1773454174399,00:00:00,E-Wallet/Card/UPI,Unstaffed,1,BOLT 16A LITE 240V 5A/15A Socket,NILL,BOLT_003230,Revos,Charging,,,"{'latitude': 28.7506011733978, 'longitude': 77.1773454174399}",24 hours,1
19/5 laxmi vihar jain road,110059,3.3 KW,Delhi,23:59:59,25,India,28.6242198944091,77.0312881469726,00:00:00,E-Wallet/Card/UPI,Unstaffed,1,BOLT 16A LITE 240V 5A/15A Socket,NILL,BOLT_00009430,Revos,Charging,,,"{'latitude': 28.6242198944091, 'longitude': 77.0312881469726}",24 hours,1
"Dwarka More,opp metro pillar no -792 near Tarak Hospital, New Delhi-110059",110059,3.3 KW,Delhi,23:59:59,50,India,28.6192869769428,77.0293173193931,00:00:00,E-Wallet/Card/UPI,Unstaffed,1,BOLT 16A LITE 240V 5A/15A Socket,NILL,BOLT_004694,Revos,Charging,,,"{'latitude': 28.6192869769428, 'longitude': 77.0293173193931}",24 hours,1
"D-272, Parking, Sarvodaya Enclave, New Delhi - 110017",110017,3.3 KW,New Delhi,23:59:59,100,India,28.5373306274414,77.2036514282226,00:00:00,E-Wallet/Card/UPI,Unstaffed,1,BOLT 16A LITE 240V 5A/15A Socket,NILL,BOLT_00008819,Revos,Charging,,,"{'latitude': 28.5373306274414, 'longitude': 77.2036514282226}",24 hours,1
H.No.199 Badi Chaupal Wali Gali Badarpur New Delhi 110044,110044,3.3 KW,New Delhi,23:59:59,10,India,28.5029182434082,77.3020324707031,00:00:00,E-Wallet/Card/UPI,Unstaffed,1,BOLT 16A LITE 240V 5A/15A Socket,NILL,BOLT_00009517,Revos,Charging,,,"{'latitude': 28.5029182434082, 'longitude': 77.3020324707031}",24 hours,1
"D-39, Gali No.-5, New Shyam Nagar, Tilak Nagar, West Delhi, Delhi-110018",110018,3.3 KW,New Delhi,23:59:59,25,India,28.644229888916,77.1065216064453,00:00:00,E-Wallet/Card/UPI,Unstaffed,1,BOLT 16A LITE 240V 5A/15A Socket,NILL,BOLT_00008330,Revos,Charging,,,"{'latitude': 28.644229888916, 'longitude': 77.1065216064453}",24 hours,1
67 Radhey Shyam Park Parwana Road Delhi,110051,3.3 KW,Delhi,23:59:59,10,India,28.64670753479,77.2871551513671,00:00:00,E-Wallet/Card/UPI,Unstaffed,1,BOLT 16A LITE 240V 5A/15A Socket,NILL,BOLT_00008688,Revos,Charging,,,"{'latitude': 28.64670753479, 'longitude': 77.2871551513671}",24 hours,1
M-358 chander shekhar azad colony kishan Ganj,110007,3.3 KW,New Delhi,23:59:59,,India,28.6668491363525,77.1951675415039,00:00:00,E-Wallet/Card/UPI,Unstaffed,1,BOLT 16A LITE 240V 5A/15A Socket,NILL,BOLT_00010244,Revos,Charging,,,"{'latitude': 28.6668491363525, 'longitude': 77.1951675415039}",24 hours,1
Main road brijpuri phase-1 near brijpuri puliya Sony medical Delhi  110094,110094,3.3 KW,Delhi,23:59:59,50,India,28.7083134969141,77.276582121849,00:00:00,E-Wallet/Card/UPI,Unstaffed,1,BOLT 16A LITE 240V 5A/15A Socket,NILL,BOLT_004269,Revos,Charging,,,"{'latitude': 28.7083134969141, 'longitude': 77.276582121849}",24 hours,1
Main road brijpuri phase-1 near brijpuri puliya Sony medical Delhi  110094,110094,3.3 KW,Delhi,23:59:59,50,India,28.7083046750296,77.2765737399458,00:00:00,E-Wallet/Card/UPI,Unstaffed,1,BOLT 16A LITE 240V 5A/15A Socket,NILL,BOLT_004267,Revos,Charging,,,"{'latitude': 28.7083046750296, 'longitude': 77.2765737399458}",24 hours,1
Main road brijpuri phase-1 near brijpuri puliya Sony medical Delhi  110094,110094,3.3 KW,Delhi,23:59:59,50,India,28.7083293763043,77.2765734046697,00:00:00,E-Wallet/Card/UPI,Unstaffed,1,BOLT 16A LITE 240V 5A/15A Socket,NILL,BOLT_003837,Revos,Charging,,,"{'latitude': 28.7083293763043, 'longitude': 77.2765734046697}",24 hours,1
"F151 naveen shahdara PANCHHEEL Garden

Delhi",110031,3.3 KW,Delhi,23:59:59,50,India,28.6766825572154,77.2798312827944,00:00:00,E-Wallet/Card/UPI,Unstaffed,1,BOLT 16A LITE 240V 5A/15A Socket,NILL,BOLT_004946,Revos,Charging,,,"{'latitude': 28.6766825572154, 'longitude': 77.2798312827944}",24 hours,1
"car, Market Kishan Garh Vasant Kunj New Delhi 110070",110070,3.3 KW,New Delhi,23:59:59,30,India,28.5148011694468,77.1643511205911,00:00:00,E-Wallet/Card/UPI,Unstaffed,1,BOLT 16A LITE 240V 5A/15A Socket,NILL,BOLT_003675,Revos,Charging,,,"{'latitude': 28.5148011694468, 'longitude': 77.1643511205911}",24 hours,1
NA,110043,3.3 KW,Delhi,23:59:59,,India,28.5700325070613,76.9599128141999,00:00:00,E-Wallet/Card/UPI,Unstaffed,1,BOLT 16A LITE 240V 5A/15A Socket,NILL,BOLT_00007448,Revos,Charging,,,"{'latitude': 28.5700325070613, 'longitude': 76.9599128141999}",24 hours,1
NA,110059,3.3 KW,New Delhi,23:59:59,,India,28.6069831848144,77.0743560791015,00:00:00,E-Wallet/Card/UPI,Unstaffed,1,BOLT 16A LITE 240V 5A/15A Socket,NILL,BOLT_00010178,Revos,Charging,,,"{'latitude': 28.6069831848144, 'longitude': 77.0743560791015}",24 hours,1
A-113 inderpuri new delhi 12,110028,3.3 KW,New Delhi,23:59:59,25,India,28.6276651362855,77.1476124599576,00:00:00,E-Wallet/Card/UPI,Unstaffed,1,BOLT 16A LITE 240V 5A/15A Socket,NILL,BOLT_00010516,Revos,Charging,,,"{'latitude': 28.6276651362855, 'longitude': 77.1476124599576}",24 hours,1
"house no 47, gali no 9, G-2, sai enclave mohan garden uttam nagar new delhi",110059,3.3 KW,Delhi,23:59:59,10,India,28.6420269012451,77.0365982055664,00:00:00,E-Wallet/Card/UPI,Unstaffed,1,BOLT 16A LITE 240V 5A/15A Socket,NILL,BOLT_00007091,Revos,Charging,,,"{'latitude': 28.6420269012451, 'longitude': 77.0365982055664}",24 hours,1
10/114 Subhash gali  60 feeta  Road Vishwas nagar shahdra  Delhi 110032,110032,3.3 KW,Delhi,23:59:59,40,India,28.6673625353583,77.2991539165377,00:00:00,E-Wallet/Card/UPI,Unstaffed,1,BOLT 16A LITE 240V 5A/15A Socket,NILL,BOLT_004353,Revos,Charging,,,"{'latitude': 28.6673625353583, 'longitude': 77.2991539165377}",24 hours,1
10/114 Subhash gali 60 feeta Road vishwas nagar shahdra Delhi 110032,110032,3.3 KW,Delhi,23:59:59,40,India,28.6673598877577,77.2991374880075,00:00:00,E-Wallet/Card/UPI,Unstaffed,1,BOLT 16A LITE 240V 5A/15A Socket,NILL,BOLT_004436,Revos,Charging,,,"{'latitude': 28.6673598877577, 'longitude': 77.2991374880075}",24 hours,1
a/86 meet nagar main mangal bazar road delhi 110094,110093,3.3 KW,New Delhi,23:59:59,40,India,28.7026952762101,77.2964049875736,00:00:00,E-Wallet/Card/UPI,Unstaffed,1,BOLT 16A LITE 240V 5A/15A Socket,NILL,BOLT_003247,Revos,Charging,,,"{'latitude': 28.7026952762101, 'longitude': 77.2964049875736}",24 hours,1
10/114 subhash gali 60 feet road vishwas nagar shahdra Delhi 110032,110032,3.3 KW,Delhi,23:59:59,40,India,28.6673334117485,77.299181073904,00:00:00,E-Wallet/Card/UPI,Unstaffed,1,BOLT 16A LITE 240V 5A/15A Socket,NILL,BOLT_003673,Revos,Charging,,,"{'latitude': 28.6673334117485, 'longitude': 77.299181073904}",24 hours,1
"Sanjay Colony II, Sanjay Colony, Okhla Phase II, Okhla Industrial Estate, New Delhi, Delhi 110020",110020,3.3 KW,New Delhi,23:59:59,5,India,28.5413246154785,77.2755737304687,00:00:00,E-Wallet/Card/UPI,Unstaffed,1,BOLT 16A LITE 240V 5A/15A Socket,NILL,BOLT_001455,Revos,Charging,,,"{'latitude': 28.5413246154785, 'longitude': 77.2755737304687}",24 hours,1
10/114 Subhash gali  60 feeta Road Vishwas nagar shahdra Delhi  110032,110032,3.3 KW,Delhi,23:59:59,40,India,28.6673851870492,77.2991861030459,00:00:00,E-Wallet/Card/UPI,Unstaffed,1,BOLT 16A LITE 240V 5A/15A Socket,NILL,BOLT_005374,Revos,Charging,,,"{'latitude': 28.6673851870492, 'longitude': 77.2991861030459}",24 hours,1
19/114 Subhash gali 60 feeta Road Vishwas nagar shahdra Delhi 110032,110032,3.3 KW,Delhi,23:59:59,40,India,28.6673804802047,77.299159951508,00:00:00,E-Wallet/Card/UPI,Unstaffed,1,BOLT 16A LITE 240V 5A/15A Socket,NILL,BOLT_004352,Revos,Charging,,,"{'latitude': 28.6673804802047, 'longitude': 77.299159951508}",24 hours,1
Rz 739/22 TUGLKABAD EXTENSION,110019,3.3 KW,New Delhi,23:59:59,,India,28.5215771627335,77.2574103623628,00:00:00,E-Wallet/Card/UPI,Unstaffed,1,BOLT 16A LITE 240V 5A/15A Socket,NILL,BOLT_00007413,Revos,Charging,,,"{'latitude': 28.5215771627335, 'longitude': 77.2574103623628}",24 hours,1
Plot no182 chand nagar,110018,3.3 KW,Delhi,23:59:59,1,India,28.6482554144951,77.0963651686906,00:00:00,E-Wallet/Card/UPI,Unstaffed,1,BOLT 16A LITE 240V 5A/15A Socket,NILL,BOLT_00007243,Revos,Charging,,,"{'latitude': 28.6482554144951, 'longitude': 77.0963651686906}",24 hours,1
w4 opposite kalkaji depot govindpuri,110019,3.3 KW,New Delhi,23:59:59,45,India,28.5384134774595,77.2666841000318,00:00:00,E-Wallet/Card/UPI,Unstaffed,1,BOLT 16A LITE 240V 5A/15A Socket,NILL,BOLT_004100,Revos,Charging,,,"{'latitude': 28.5384134774595, 'longitude': 77.2666841000318}",24 hours,1
w4 opposite kalkaji depot govindpuri,110019,3.3 KW,New Delhi,23:59:59,45,India,28.5383416099008,77.2666670009494,00:00:00,E-Wallet/Card/UPI,Unstaffed,1,BOLT 16A LITE 240V 5A/15A Socket,NILL,BOLT_004098,Revos,Charging,,,"{'latitude': 28.5383416099008, 'longitude': 77.2666670009494}",24 hours,1
"TA-327, TUGHLAKABAD EXTENSION, OKHLA MAIN ROAD. NEW DELHI 110019.",110019,3.3 KW,New Delhi,23:59:59,200,India,28.5258096912802,77.2603208944201,00:00:00,E-Wallet/Card/UPI,Unstaffed,1,BOLT 16A LITE 240V 5A/15A Socket,NILL,BOLT_00010731,Revos,Charging,,,"{'latitude': 28.5258096912802, 'longitude': 77.2603208944201}",24 hours,1
"delhi fruit and vegetable store
saket k block gate no 3",110017,3.3 KW,New Delhi,23:59:59,40,India,28.521915435791,77.2112197875976,00:00:00,E-Wallet/Card/UPI,Unstaffed,1,BOLT 16A LITE 240V 5A/15A Socket,NILL,BOLT_004779,Revos,Charging,,,"{'latitude': 28.521915435791, 'longitude': 77.2112197875976}",24 hours,1
"K-34, New Gobind Pura Extension, Near Punajb Sweet Shop, Som Bazar Road",110051,3.3 KW,Delhi,23:59:59,,India,28.6506242451985,77.2854692861437,00:00:00,E-Wallet/Card/UPI,Unstaffed,1,BOLT 16A LITE 240V 5A/15A Socket,NILL,BOLT_00007557,Revos,Charging,,,"{'latitude': 28.6506242451985, 'longitude': 77.2854692861437}",24 hours,1
f 53 Rajiv Nagar begumpur village New Delhi,110081,3.3 KW,Delhi,23:59:59,50,India,28.7283687591552,77.056037902832,00:00:00,E-Wallet/Card/UPI,Unstaffed,1,BOLT 16A LITE 240V 5A/15A Socket,NILL,BOLT_00010158,Revos,Charging,,,"{'latitude': 28.7283687591552, 'longitude': 77.056037902832}",24 hours,1
27/127gali no 6 vishwas nagar shahadra delhi 110032,110032,3.3 KW,Delhi,23:59:59,,India,28.6643371582031,77.2920379638671,00:00:00,E-Wallet/Card/UPI,Unstaffed,1,BOLT 16A LITE 240V 5A/15A Socket,NILL,BOLT_00007788,Revos,Charging,,,"{'latitude': 28.6643371582031, 'longitude': 77.2920379638671}",24 hours,1
shop no. 22 gali no. 4d aram park shastri nagar Delhi 110031,110031,3.3 KW,New Delhi,23:59:59,30,India,28.6438462634438,77.2781297564506,00:00:00,E-Wallet/Card/UPI,Unstaffed,1,BOLT 16A LITE 240V 5A/15A Socket,NILL,BOLT_00008082,Revos,Charging,,,"{'latitude': 28.6438462634438, 'longitude': 77.2781297564506}",24 hours,1
s7 khirki,110017,3.3 KW,New Delhi,23:59:59,,India,28.5308700617521,77.2179872542619,00:00:00,E-Wallet/Card/UPI,Unstaffed,1,BOLT 16A LITE 240V 5A/15A Socket,NILL,BOLT_00009352,Revos,Charging,,,"{'latitude': 28.5308700617521, 'longitude': 77.2179872542619}",24 hours,1
"plot no 98, gali no 1, niyadar enclave, near sunday market road, Vikas nagar, uttam nagar new delhi- 110059",110059,3.3 KW,New Delhi,23:59:59,,India,28.6447696685791,77.0369796752929,00:00:00,E-Wallet/Card/UPI,Unstaffed,1,BOLT 16A LITE 240V 5A/15A Socket,NILL,BOLT_00007772,Revos,Charging,,,"{'latitude': 28.6447696685791, 'longitude': 77.0369796752929}",24 hours,1
Prem Nagar 1 Kirari Suleman Nagar 1,110041,3.3 KW,New Delhi,23:59:59,,India,28.691244699769,77.0605637133121,00:00:00,E-Wallet/Card/UPI,Unstaffed,1,BOLT 16A LITE 240V 5A/15A Socket,NILL,BOLT_00007608,Revos,Charging,,,"{'latitude': 28.691244699769, 'longitude': 77.0605637133121}",24 hours,1
"7/333A Shri Krishna Gali opp Indra Park, Jwala Nagar Shahdara East Delhi 110032",110032,3.3 KW,New Delhi,23:59:59,2,India,28.6695035397743,77.298567853868,00:00:00,E-Wallet/Card/UPI,Unstaffed,1,BOLT 16A LITE 240V 5A/15A Socket,NILL,BOLT_00007245,Revos,Charging,,,"{'latitude': 28.6695035397743, 'longitude': 77.298567853868}",24 hours,1
"Shop no.12 DDA market jg-2 block , Vikas Puri , new Delhi -110018",110018,3.3 KW,Delhi,23:59:59,40,India,28.6434688568115,77.0810928344726,00:00:00,E-Wallet/Card/UPI,Unstaffed,1,BOLT 16A LITE 240V 5A/15A Socket,NILL,BOLT_003863,Revos,Charging,,,"{'latitude': 28.6434688568115, 'longitude': 77.0810928344726}",24 hours,1
badarpur,110044,3.3 KW,New Delhi,23:59:59,,India,28.4994069317748,77.3006871342659,00:00:00,E-Wallet/Card/UPI,Unstaffed,1,BOLT 16A LITE 240V 5A/15A Socket,NILL,BOLT_00010007,Revos,Charging,,,"{'latitude': 28.4994069317748, 'longitude': 77.3006871342659}",24 hours,1
c-1/1 golden park shivpuri main road extn opposite Dr lal path labs,110051,3.3 KW,Delhi,23:59:59,50,India,28.6535377502441,77.2797012329101,00:00:00,E-Wallet/Card/UPI,Unstaffed,1,BOLT 16A LITE 240V 5A/15A Socket,NILL,BOLT_004780,Revos,Charging,,,"{'latitude': 28.6535377502441, 'longitude': 77.2797012329101}",24 hours,1
RZG- 19 DEV KUNJ DWARKA SEC 7 NEAR MELA GROUND PALAM COLONY NEW DELHI-110075,110077,3.3 KW,Delhi,23:59:59,40,India,28.5804271697998,77.0772247314453,00:00:00,E-Wallet/Card/UPI,Unstaffed,1,BOLT 16A LITE 240V 5A/15A Socket,NILL,BOLT_003925,Revos,Charging,,,"{'latitude': 28.5804271697998, 'longitude': 77.0772247314453}",24 hours,1
E 20  Indira Enclave man Loni road metro Pilar no 39_40 gzb up,201102,3.3 KW,Delhi,23:59:59,30,India,28.715087890625,77.2896575927734,00:00:00,E-Wallet/Card/UPI,Unstaffed,1,BOLT 16A LITE 240V 5A/15A Socket,NILL,BOLT_005937,Revos,Charging,,,"{'latitude': 28.715087890625, 'longitude': 77.2896575927734}",24 hours,1
E 20 Indra Enclave Loni road metro pillar no 39-40 gzb up,201102,3.3 KW,Delhi,23:59:59,30,India,28.7151145935058,77.289680480957,00:00:00,E-Wallet/Card/UPI,Unstaffed,1,BOLT 16A LITE 240V 5A/15A Socket,NILL,BOLT_004351,Revos,Charging,,,"{'latitude': 28.7151145935058, 'longitude': 77.289680480957}",24 hours,1
"E 4 Indira enclave main Loni road metro pillar number_44
 Ghaziabad Uttar Pradesh",201102,3.3 KW,Delhi,23:59:59,40,India,28.7160708800892,77.2897755727171,00:00:00,E-Wallet/Card/UPI,Unstaffed,1,BOLT 16A LITE 240V 5A/15A Socket,NILL,BOLT_003249,Revos,Charging,,,"{'latitude': 28.7160708800892, 'longitude': 77.2897755727171}",24 hours,1
E-20 Indira enclave main Loni road metro Pilar no 39-40 gzb up,201102,3.3 KW,Delhi,23:59:59,30,India,28.7151069641113,77.2896652221679,00:00:00,E-Wallet/Card/UPI,Unstaffed,1,BOLT 16A LITE 240V 5A/15A Socket,NILL,BOLT_005942,Revos,Charging,,,"{'latitude': 28.7151069641113, 'longitude': 77.2896652221679}",24 hours,1
"c252 ,dada Dev comply sec.7 dwarka",110077,3.3 KW,New Delhi,23:59:59,40,India,28.5831214957187,77.0757326111197,00:00:00,E-Wallet/Card/UPI,Unstaffed,1,BOLT 16A LITE 240V 5A/15A Socket,NILL,BOLT_004865,Revos,Charging,,,"{'latitude': 28.5831214957187, 'longitude': 77.0757326111197}",24 hours,1
J-6 Pal Chowk M.S park Delhi 110032,110032,3.3 KW,New Delhi,23:59:59,50,India,28.6799708271068,77.2982919216156,00:00:00,E-Wallet/Card/UPI,Unstaffed,1,BOLT 16A LITE 240V 5A/15A Socket,NILL,BOLT_004521,Revos,Charging,,,"{'latitude': 28.6799708271068, 'longitude': 77.2982919216156}",24 hours,1
J-6 pal Chowk M.S park Delhi 110032,110032,3.3 KW,New Delhi,23:59:59,50,India,28.6800752476191,77.2980062663555,00:00:00,E-Wallet/Card/UPI,Unstaffed,1,BOLT 16A LITE 240V 5A/15A Socket,NILL,BOLT_003751,Revos,Charging,,,"{'latitude': 28.6800752476191, 'longitude': 77.2980062663555}",24 hours,1
"C-30/E Railway Colony
Lajpat Nagar - I
New Delhi - 110024",110024,3.3 KW,New Delhi,23:59:59,,India,28.5757656097412,77.2445526123046,00:00:00,E-Wallet/Card/UPI,Unstaffed,1,BOLT 16A LITE 240V 5A/15A Socket,NILL,BOLT_00008070,Revos,Charging,,,"{'latitude': 28.5757656097412, 'longitude': 77.2445526123046}",24 hours,1
"Shpo no 143 135 DDA  indra Markit old seema puri 
delhi95",110093,3.3 KW,Delhi,23:59:59,40,India,28.680389390955,77.3269359022378,00:00:00,E-Wallet/Card/UPI,Unstaffed,1,BOLT 16A LITE 240V 5A/15A Socket,NILL,BOLT_004439,Revos,Charging,,,"{'latitude': 28.680389390955, 'longitude': 77.3269359022378}",24 hours,1
WZ  879 G/F  KH  NO 33/25 Palam Extn Near Swagat Bharat NewDelhi,110075,3.3 KW,New Delhi,23:59:59,50,India,28.5855135822441,77.0750640705227,00:00:00,E-Wallet/Card/UPI,Unstaffed,1,BOLT 16A LITE 240V 5A/15A Socket,NILL,BOLT_005947,Revos,Charging,,,"{'latitude': 28.5855135822441, 'longitude': 77.0750640705227}",24 hours,1
Shop no.15 Tahirpur Red light,110093,3.3 KW,New Delhi,23:59:59,40,India,28.6879570779821,77.3205901309848,00:00:00,E-Wallet/Card/UPI,Unstaffed,1,BOLT 16A LITE 240V 5A/15A Socket,NILL,BOLT_005949,Revos,Charging,,,"{'latitude': 28.6879570779821, 'longitude': 77.3205901309848}",24 hours,1
Dwarka sce 7 Near Dada dev colony Delhi 110075,110077,3.3 KW,New Delhi,23:59:59,50,India,28.583754483909,77.0755130052566,00:00:00,E-Wallet/Card/UPI,Unstaffed,1,BOLT 16A LITE 240V 5A/15A Socket,NILL,BOLT_003842,Revos,Charging,,,"{'latitude': 28.583754483909, 'longitude': 77.0755130052566}",24 hours,1
V.K Auto Spear parts  Railway Line  Road. Pipal Wali Gali. Raj Nagar  -part  2,110045,3.3 KW,New Delhi,23:59:59,50,India,28.5802565140812,77.0878069102764,00:00:00,E-Wallet/Card/UPI,Unstaffed,1,BOLT 16A LITE 240V 5A/15A Socket,NILL,BOLT_003844,Revos,Charging,,,"{'latitude': 28.5802565140812, 'longitude': 77.0878069102764}",24 hours,1
B 220 gali no.8 prem nagar 2 gaurav nagar anand nagar kirari suleman nagar delhi,110086,3.3 KW,New Delhi,23:59:59,30,India,28.7001800537109,77.0547790527343,00:00:00,E-Wallet/Card/UPI,Unstaffed,1,BOLT 16A LITE 240V 5A/15A Socket,NILL,BOLT_00011521,Revos,Charging,,,"{'latitude': 28.7001800537109, 'longitude': 77.0547790527343}",24 hours,1
"B9/177,sector-5, rohini ,delhi-85",110085,3.3 KW,New Delhi,23:59:59,,India,28.715103149414,77.108039855957,00:00:00,E-Wallet/Card/UPI,Unstaffed,1,BOLT 16A LITE 240V 5A/15A Socket,NILL,BOLT_00006152,Revos,Charging,,,"{'latitude': 28.715103149414, 'longitude': 77.108039855957}",24 hours,1
k494 johri enclave Metro Station Loni road gzb,201102,3.3 KW,Delhi,23:59:59,40,India,28.7131624801598,77.2898681089282,00:00:00,E-Wallet/Card/UPI,Unstaffed,1,BOLT 16A LITE 240V 5A/15A Socket,NILL,BOLT_005983,Revos,Charging,,,"{'latitude': 28.7131624801598, 'longitude': 77.2898681089282}",24 hours,1
Wheel Cart Palam metro station ke Samne,110045,3.3 KW,Delhi,23:59:59,50,India,28.5882618384794,77.0828622579574,00:00:00,E-Wallet/Card/UPI,Unstaffed,1,BOLT 16A LITE 240V 5A/15A Socket,NILL,BOLT_005951,Revos,Charging,,,"{'latitude': 28.5882618384794, 'longitude': 77.0828622579574}",24 hours,1
Mahesh auto service center WZ 907,110075,3.3 KW,New Delhi,23:59:59,50,India,28.5867300661736,77.0774173736572,00:00:00,E-Wallet/Card/UPI,Unstaffed,1,BOLT 16A LITE 240V 5A/15A Socket,NILL,BOLT_003248,Revos,Charging,,,"{'latitude': 28.5867300661736, 'longitude': 77.0774173736572}",24 hours,1
"Home no.98,O block fhase 4 shive vihar dehli karaval nagar 94 near shiv shakti school",110094,3.3 KW,Delhi,23:59:59,30,India,28.7268733978271,77.2829818725586,00:00:00,E-Wallet/Card/UPI,Unstaffed,1,BOLT 16A LITE 240V 5A/15A Socket,NILL,BOLT_005973,Revos,Charging,,,"{'latitude': 28.7268733978271, 'longitude': 77.2829818725586}",24 hours,1
"Home no.98,O block fhase 4 shive vihar dehli karaval nagar 94 near m/s saksham clinic",110090,3.3 KW,New Delhi,23:59:59,30,India,28.7264766693115,77.2830429077148,00:00:00,E-Wallet/Card/UPI,Unstaffed,1,BOLT 16A LITE 240V 5A/15A Socket,NILL,BOLT_005967,Revos,Charging,,,"{'latitude': 28.7264766693115, 'longitude': 77.2830429077148}",24 hours,1
Rz 134 B Block New Gopal Nagar Najafgarh new delhi,110043,3.3 KW,New Delhi,23:59:59,20,India,28.6056102587308,76.9679487124085,00:00:00,E-Wallet/Card/UPI,Unstaffed,1,BOLT 16A LITE 240V 5A/15A Socket,NILL,BOLT_00011627,Revos,Charging,,,"{'latitude': 28.6056102587308, 'longitude': 76.9679487124085}",24 hours,1
n block gurdwara dera dukh niwaran raghubir nagar near bus stand 912 new delhi 27,110027,3.3 KW,New Delhi,23:59:59,30,India,28.659324645996,77.1118774414062,00:00:00,E-Wallet/Card/UPI,Unstaffed,1,BOLT 16A LITE 240V 5A/15A Socket,NILL,BOLT_00011514,Revos,Charging,,,"{'latitude': 28.659324645996, 'longitude': 77.1118774414062}",24 hours,1
"c9, panchsheel vihar",110017,3.3 KW,New Delhi,23:59:59,30,India,28.5342963298393,77.2193025425076,00:00:00,E-Wallet/Card/UPI,Unstaffed,1,BOLT 16A LITE 240V 5A/15A Socket,NILL,BOLT_00007158,Revos,Charging,,,"{'latitude': 28.5342963298393, 'longitude': 77.2193025425076}",24 hours,1
"161 joga bai ,
Main road,
opp. Go mobile
zakir nagar
new Delhi",110025,3.3 KW,New Delhi,23:59:59,50,India,28.56640098472,77.2826137393713,00:00:00,E-Wallet/Card/UPI,Unstaffed,1,BOLT 16A LITE 240V 5A/15A Socket,NILL,BOLT_00011959,Revos,Charging,,,"{'latitude': 28.56640098472, 'longitude': 77.2826137393713}",24 hours,1
A 142 Gali no.14 Harsh Vihar Hari Nagar Part-III Badarpur New Delhi-110044,110044,3.3 KW,New Delhi,23:59:59,13,India,28.4989604949951,77.3273849487304,00:00:00,E-Wallet/Card/UPI,Unstaffed,1,BOLT 16A LITE 240V 5A/15A Socket,NILL,BOLT_00008781,Revos,Charging,,,"{'latitude': 28.4989604949951, 'longitude': 77.3273849487304}",24 hours,1
d-9 gf devkunj vill palam near JJ colony new delhi 110045,110077,3.3 KW,New Delhi,23:59:59,50,India,28.5851599984816,77.0772390067577,00:00:00,E-Wallet/Card/UPI,Unstaffed,1,BOLT 16A LITE 240V 5A/15A Socket,NILL,BOLT_005946,Revos,Charging,,,"{'latitude': 28.5851599984816, 'longitude': 77.0772390067577}",24 hours,1
d-9 gf devkunj vill palam near JJ colony new delhi 110045,110077,3.3 KW,New Delhi,23:59:59,50,India,28.5851947386541,77.0771810039877,00:00:00,E-Wallet/Card/UPI,Unstaffed,1,BOLT 16A LITE 240V 5A/15A Socket,NILL,BOLT_005925,Revos,Charging,,,"{'latitude': 28.5851947386541, 'longitude': 77.0771810039877}",24 hours,1
h.no 120 main nala road shiv vihar krawal nagar,110090,3.3 KW,New Delhi,23:59:59,40,India,28.7181973629522,77.2798420116305,00:00:00,E-Wallet/Card/UPI,Unstaffed,1,BOLT 16A LITE 240V 5A/15A Socket,NILL,BOLT_005968,Revos,Charging,,,"{'latitude': 28.7181973629522, 'longitude': 77.2798420116305}",24 hours,1
h.no 120 main nala road shiv vihar krawal nagar,110090,3.3 KW,New Delhi,23:59:59,40,India,28.7182032436524,77.2797531634569,00:00:00,E-Wallet/Card/UPI,Unstaffed,1,BOLT 16A LITE 240V 5A/15A Socket,NILL,BOLT_005985,Revos,Charging,,,"{'latitude': 28.7182032436524, 'longitude': 77.2797531634569}",24 hours,1
Laxmi Nagar,110092,3.3 KW,New Delhi,23:59:59,,India,28.6361158990998,77.2768037393689,00:00:00,E-Wallet/Card/UPI,Unstaffed,1,BOLT 16A LITE 240V 5A/15A Socket,NILL,BOLT_00010658,Revos,Charging,,,"{'latitude': 28.6361158990998, 'longitude': 77.2768037393689}",24 hours,1
D-251 Mangla puri village main road palam colony,110045,3.3 KW,New Delhi,23:59:59,350,India,28.587850561426,77.0864604413509,00:00:00,E-Wallet/Card/UPI,Unstaffed,1,BOLT 16A LITE 240V 5A/15A Socket,NILL,BOLT_00011902,Revos,Charging,,,"{'latitude': 28.587850561426, 'longitude': 77.0864604413509}",24 hours,1
c-1/220 new kondli near R K tower,110096,3.3 KW,New Delhi,23:59:59,40,India,28.6054389463005,77.3338291794061,00:00:00,E-Wallet/Card/UPI,Unstaffed,1,BOLT 16A LITE 240V 5A/15A Socket,NILL,BOLT_005972,Revos,Charging,,,"{'latitude': 28.6054389463005, 'longitude': 77.3338291794061}",24 hours,1
"plott 161, amberhai extension",110075,3.3 KW,New Delhi,23:59:59,,India,28.5766203393013,77.0478782057762,00:00:00,E-Wallet/Card/UPI,Unstaffed,1,BOLT 16A LITE 240V 5A/15A Socket,NILL,BOLT_00011136,Revos,Charging,,,"{'latitude': 28.5766203393013, 'longitude': 77.0478782057762}",24 hours,1
"c-1/220 new kondli near R,K g tower Delhi4",110096,3.3 KW,New Delhi,23:59:59,40,India,28.6054613170117,77.3338969051837,00:00:00,E-Wallet/Card/UPI,Unstaffed,1,BOLT 16A LITE 240V 5A/15A Socket,NILL,BOLT_005996,Revos,Charging,,,"{'latitude': 28.6054613170117, 'longitude': 77.3338969051837}",24 hours,1
Rz20 e/4 Raj nagar part 1 palam colony near nirankari bhawan New delhi,110045,3.3 KW,New Delhi,23:59:59,50,India,28.5830258111259,77.0879225805401,00:00:00,E-Wallet/Card/UPI,Unstaffed,1,BOLT 16A LITE 240V 5A/15A Socket,NILL,BOLT_005869,Revos,Charging,,,"{'latitude': 28.5830258111259, 'longitude': 77.0879225805401}",24 hours,1
"Sanjay Colony II, Sanjay Colony, Okhla Phase II, Okhla Industrial Estate, New Delhi, Delhi 110020",110020,3.3 KW,New Delhi,23:59:59,5,India,28.5413247,77.2755771,00:00:00,E-Wallet/Card/UPI,Unstaffed,1,BOLT 16A LITE 240V 5A/15A Socket,NILL,BOLT_002553,Revos,Charging,,,"{'latitude': 28.5413247, 'longitude': 77.2755771}",24 hours,1
"A-1, ADHYAPAK NAGAR OPPOSITE BANIYA KI DUKAAN NAJAFGARH ROAD NANGLOI DELHI-41",110041,3.3 KW,Delhi,23:59:59,40,India,28.6690940856933,77.0565643310546,00:00:00,E-Wallet/Card/UPI,Unstaffed,1,BOLT 16A LITE 240V 5A/15A Socket,NILL,BOLT_005872,Revos,Charging,,,"{'latitude': 28.6690940856933, 'longitude': 77.0565643310546}",24 hours,1
naveen shahdara PANCHHEEL garden delhi,110032,3.3 KW,Delhi,23:59:59,,India,28.6763342810607,77.2795114293694,00:00:00,E-Wallet/Card/UPI,Unstaffed,1,BOLT 16A LITE 240V 5A/15A Socket,NILL,BOLT_005873,Revos,Charging,,,"{'latitude': 28.6763342810607, 'longitude': 77.2795114293694}",24 hours,1
"national Aquatech solution G-2nd gali no.18 Near national building material suppliers tiranga chowk 
sangam vihar new delhi-110080",110080,3.3 KW,New Delhi,23:59:59,30,India,28.4995377554296,77.2478868439793,00:00:00,E-Wallet/Card/UPI,Unstaffed,1,BOLT 16A LITE 240V 5A/15A Socket,NILL,BOLT_00008607,Revos,Charging,,,"{'latitude': 28.4995377554296, 'longitude': 77.2478868439793}",24 hours,1
166c Pocket 12 Jasola vihar new Delhi 110025,110020,3.3 KW,New Delhi,23:59:59,,India,28.5501248781672,77.2885149344801,00:00:00,E-Wallet/Card/UPI,Unstaffed,1,BOLT 16A LITE 240V 5A/15A Socket,NILL,BOLT_00012073,Revos,Charging,,,"{'latitude': 28.5501248781672, 'longitude': 77.2885149344801}",24 hours,1
"C-139 , Savitri nagar ,New Delhi-17",110017,3.3 KW,New Delhi,23:59:59,,India,28.5385704666691,77.2189079225063,00:00:00,E-Wallet/Card/UPI,Unstaffed,1,BOLT 16A LITE 240V 5A/15A Socket,NILL,BOLT_00012539,Revos,Charging,,,"{'latitude': 28.5385704666691, 'longitude': 77.2189079225063}",24 hours,1
moni Tayer House metro piler no 59,201102,3.3 KW,Delhi,23:59:59,45,India,28.7201759058641,77.2896176576614,00:00:00,E-Wallet/Card/UPI,Unstaffed,1,BOLT 16A LITE 240V 5A/15A Socket,NILL,BOLT_005989,Revos,Charging,,,"{'latitude': 28.7201759058641, 'longitude': 77.2896176576614}",24 hours,1
Moni tayer House metro pikar no 59,201102,3.3 KW,Delhi,23:59:59,45,India,28.7201691431865,77.2895978763699,00:00:00,E-Wallet/Card/UPI,Unstaffed,1,BOLT 16A LITE 240V 5A/15A Socket,NILL,BOLT_005875,Revos,Charging,,,"{'latitude': 28.7201691431865, 'longitude': 77.2895978763699}",24 hours,1
A-2/262 Janak Puri New Delhi 110058,110058,3.3 KW,Delhi,23:59:59,50,India,28.6194992065429,77.0772094726562,00:00:00,E-Wallet/Card/UPI,Unstaffed,1,BOLT 16A LITE 240V 5A/15A Socket,NILL,BOLT_00013175,Revos,Charging,,,"{'latitude': 28.6194992065429, 'longitude': 77.0772094726562}",24 hours,1
E11/A162Shastri park near petrol pump Delhi 53,110053,3.3 KW,Delhi,23:59:59,40,India,28.6725505272369,77.2548324242234,00:00:00,E-Wallet/Card/UPI,Unstaffed,1,BOLT 16A LITE 240V 5A/15A Socket,NILL,BOLT_005969,Revos,Charging,,,"{'latitude': 28.6725505272369, 'longitude': 77.2548324242234}",24 hours,1
b 80 Dayanand colony Lajpat Nagar 4,110024,3.3 KW,New Delhi,23:59:59,50,India,28.5628128051757,77.2466735839843,00:00:00,E-Wallet/Card/UPI,Unstaffed,1,BOLT 16A LITE 240V 5A/15A Socket,NILL,BOLT_00014169,Revos,Charging,,,"{'latitude': 28.5628128051757, 'longitude': 77.2466735839843}",24 hours,1
E11/A162shastri park Delhi 53,110053,3.3 KW,Delhi,23:59:59,40,India,28.67248434048,77.255283370614,00:00:00,E-Wallet/Card/UPI,Unstaffed,1,BOLT 16A LITE 240V 5A/15A Socket,NILL,BOLT_005971,Revos,Charging,,,"{'latitude': 28.67248434048, 'longitude': 77.255283370614}",24 hours,1
E11/162 shastri park Delhi 53,110094,3.3 KW,Delhi,23:59:59,40,India,28.6725684711948,77.2535375878214,00:00:00,E-Wallet/Card/UPI,Unstaffed,1,BOLT 16A LITE 240V 5A/15A Socket,NILL,BOLT_005966,Revos,Charging,,,"{'latitude': 28.6725684711948, 'longitude': 77.2535375878214}",24 hours,1
I 115 sunder nagri delhi 93,110093,3.3 KW,New Delhi,23:59:59,50,India,28.6956262702999,77.3222071677446,00:00:00,E-Wallet/Card/UPI,Unstaffed,1,BOLT 16A LITE 240V 5A/15A Socket,NILL,BOLT_005941,Revos,Charging,,,"{'latitude': 28.6956262702999, 'longitude': 77.3222071677446}",24 hours,1
m25 commander chowk Vikas nagar new delhi 110059,110066,3.3 KW,Delhi,23:59:59,,India,28.6408952506112,77.0486272126436,00:00:00,E-Wallet/Card/UPI,Unstaffed,1,BOLT 16A LITE 240V 5A/15A Socket,NILL,BOLT_00011086,Revos,Charging,,,"{'latitude': 28.6408952506112, 'longitude': 77.0486272126436}",24 hours,1
"Gupta auto service centre , shop no 1 nasirpur road, opposite Aman band near by palam fly over , palam new delhi",110045,3.3 KW,New Delhi,23:59:59,40,India,28.5907306445853,77.0829671993851,00:00:00,E-Wallet/Card/UPI,Unstaffed,1,BOLT 16A LITE 240V 5A/15A Socket,NILL,BOLT_005952,Revos,Charging,,,"{'latitude': 28.5907306445853, 'longitude': 77.0829671993851}",24 hours,1
c53 shashi garden mayur vihar phase 1 delhi,110091,3.3 KW,New Delhi,23:59:59,40,India,28.6100790007953,77.2967208176851,00:00:00,E-Wallet/Card/UPI,Unstaffed,1,BOLT 16A LITE 240V 5A/15A Socket,NILL,BOLT_005871,Revos,Charging,,,"{'latitude': 28.6100790007953, 'longitude': 77.2967208176851}",24 hours,1
c53 shashi garden mayur vihar phase 1 delhi,110091,3.3 KW,New Delhi,23:59:59,40,India,28.6100042387911,77.2966024652123,00:00:00,E-Wallet/Card/UPI,Unstaffed,1,BOLT 16A LITE 240V 5A/15A Socket,NILL,BOLT_005877,Revos,Charging,,,"{'latitude': 28.6100042387911, 'longitude': 77.2966024652123}",24 hours,1
Aggarwal  Auto parts  D-247  Dilshad garden  110095,110095,3.3 KW,New Delhi,23:59:59,50,India,28.6794790198014,77.3180896416306,00:00:00,E-Wallet/Card/UPI,Unstaffed,1,BOLT 16A LITE 240V 5A/15A Socket,NILL,BOLT_005978,Revos,Charging,,,"{'latitude': 28.6794790198014, 'longitude': 77.3180896416306}",24 hours,1
Aggarwal Auto parts D-247 Dilshad Garden  Delhi  110095,110095,3.3 KW,Delhi,23:59:59,50,India,28.6795469670008,77.3182130232453,00:00:00,E-Wallet/Card/UPI,Unstaffed,1,BOLT 16A LITE 240V 5A/15A Socket,NILL,BOLT_005977,Revos,Charging,,,"{'latitude': 28.6795469670008, 'longitude': 77.3182130232453}",24 hours,1
S44. meenakshi garden  Subhash Nagar meto station Delhi,110018,3.3 KW,New Delhi,23:59:59,40,India,28.6399307250976,77.1055908203125,00:00:00,E-Wallet/Card/UPI,Unstaffed,1,BOLT 16A LITE 240V 5A/15A Socket,NILL,BOLT_005954,Revos,Charging,,,"{'latitude': 28.6399307250976, 'longitude': 77.1055908203125}",24 hours,1
rz_421 main road tughlakabad extension delhi,110019,3.3 KW,New Delhi,23:59:59,40,India,28.5235111029365,77.2618319839239,00:00:00,E-Wallet/Card/UPI,Unstaffed,1,BOLT 16A LITE 240V 5A/15A Socket,NILL,BOLT_005874,Revos,Charging,,,"{'latitude': 28.5235111029365, 'longitude': 77.2618319839239}",24 hours,1
rz_421 main road tughlakabad extension delhi,110019,3.3 KW,New Delhi,23:59:59,40,India,28.5236504395277,77.262009344995,00:00:00,E-Wallet/Card/UPI,Unstaffed,1,BOLT 16A LITE 240V 5A/15A Socket,NILL,BOLT_005870,Revos,Charging,,,"{'latitude': 28.5236504395277, 'longitude': 77.262009344995}",24 hours,1
"37A DDA JANTA FLAT PITAMPURA NEAR SHIVA MARKET
DELHI 110034",110034,3.3 KW,Delhi,23:59:59,40,India,28.7009163796742,77.1321498602628,00:00:00,E-Wallet/Card/UPI,Unstaffed,1,BOLT 16A LITE 240V 5A/15A Socket,NILL,BOLT_005879,Revos,Charging,,,"{'latitude': 28.7009163796742, 'longitude': 77.1321498602628}",24 hours,1
"37 A dda Janta flat Pitampura Shiva market
Delhi 110034",110034,3.3 KW,Delhi,23:59:59,40,India,28.7009516696995,77.1321176737547,00:00:00,E-Wallet/Card/UPI,Unstaffed,1,BOLT 16A LITE 240V 5A/15A Socket,NILL,BOLT_005965,Revos,Charging,,,"{'latitude': 28.7009516696995, 'longitude': 77.1321176737547}",24 hours,1
l-78 lajpat nagar 2 shop no.5 delhi,110024,3.3 KW,New Delhi,23:59:59,50,India,28.5692928444675,77.2465477511286,00:00:00,E-Wallet/Card/UPI,Unstaffed,1,BOLT 16A LITE 240V 5A/15A Socket,NILL,BOLT_005986,Revos,Charging,,,"{'latitude': 28.5692928444675, 'longitude': 77.2465477511286}",24 hours,1
l-78 lajpat nagar 2 shop no.5 delhi,110024,3.3 KW,New Delhi,23:59:59,50,India,28.5696249865939,77.2468649223446,00:00:00,E-Wallet/Card/UPI,Unstaffed,1,BOLT 16A LITE 240V 5A/15A Socket,NILL,BOLT_005997,Revos,Charging,,,"{'latitude': 28.5696249865939, 'longitude': 77.2468649223446}",24 hours,1
shop no. 19/22 kh no 25/21 pankaj garden main Goyla Dairy road near kiker bus stand qutub vihar Goyla Dairy new delhi 110071,110071,3.3 KW,Delhi,23:59:59,40,India,28.5780177052258,77.0311030000448,00:00:00,E-Wallet/Card/UPI,Unstaffed,1,BOLT 16A LITE 240V 5A/15A Socket,NILL,BOLT_005964,Revos,Charging,,,"{'latitude': 28.5780177052258, 'longitude': 77.0311030000448}",24 hours,1
shop no 19/22 kh.no 25/21 pankaj garden main Goyla Dairy road near kiker bus stand qutub vihar Goyla Dairy new delhi 110071,110071,3.3 KW,Delhi,23:59:59,40,India,28.5781192829352,77.0312106236815,00:00:00,E-Wallet/Card/UPI,Unstaffed,1,BOLT 16A LITE 240V 5A/15A Socket,NILL,BOLT_005995,Revos,Charging,,,"{'latitude': 28.5781192829352, 'longitude': 77.0312106236815}",24 hours,1
Om Sai motors Tahirpur,110095,3.3 KW,Delhi,23:59:59,50,India,28.6886073752913,77.3195118829608,00:00:00,E-Wallet/Card/UPI,Unstaffed,1,BOLT 16A LITE 240V 5A/15A Socket,NILL,BOLT_004097,Revos,Charging,,,"{'latitude': 28.6886073752913, 'longitude': 77.3195118829608}",24 hours,1
Om sai motors Tahirpur,110095,3.3 KW,Delhi,23:59:59,50,India,28.6885856105439,77.3195668682456,00:00:00,E-Wallet/Card/UPI,Unstaffed,1,BOLT 16A LITE 240V 5A/15A Socket,NILL,BOLT_004185,Revos,Charging,,,"{'latitude': 28.6885856105439, 'longitude': 77.3195668682456}",24 hours,1
Om Sai motors Tahirpur,110095,3.3 KW,Delhi,23:59:59,50,India,28.6885876693715,77.3195631802082,00:00:00,E-Wallet/Card/UPI,Unstaffed,1,BOLT 16A LITE 240V 5A/15A Socket,NILL,BOLT_005987,Revos,Charging,,,"{'latitude': 28.6885876693715, 'longitude': 77.3195631802082}",24 hours,1
n-20 63b wazirpur indl area udham singh park a block,110052,3.3 KW,Delhi,23:59:59,10,India,28.6979905011043,77.1602540463209,00:00:00,E-Wallet/Card/UPI,Unstaffed,1,BOLT 16A LITE 240V 5A/15A Socket,NILL,BOLT_00008509,Revos,Charging,,,"{'latitude': 28.6979905011043, 'longitude': 77.1602540463209}",24 hours,1
36/1Govind Puri  kalka ji,110019,3.3 KW,New Delhi,23:59:59,40,India,28.5374659409966,77.2669610381126,00:00:00,E-Wallet/Card/UPI,Unstaffed,1,BOLT 16A LITE 240V 5A/15A Socket,NILL,BOLT_005961,Revos,Charging,,,"{'latitude': 28.5374659409966, 'longitude': 77.2669610381126}",24 hours,1
36/1Govind Puri kalka ji,110019,3.3 KW,New Delhi,23:59:59,40,India,28.5374497412006,77.2667028754949,00:00:00,E-Wallet/Card/UPI,Unstaffed,1,BOLT 16A LITE 240V 5A/15A Socket,NILL,BOLT_005988,Revos,Charging,,,"{'latitude': 28.5374497412006, 'longitude': 77.2667028754949}",24 hours,1
"H.No-80, St.No-1, A-Block, Harit Vihar Colony, Burari, Delhi",110084,3.3 KW,Delhi,23:59:59,,India,28.7396167956603,77.1925166621804,00:00:00,E-Wallet/Card/UPI,Unstaffed,1,BOLT 16A LITE 240V 5A/15A Socket,NILL,BOLT_00012806,Revos,Charging,,,"{'latitude': 28.7396167956603, 'longitude': 77.1925166621804}",24 hours,1
NA,110059,3.3 KW,New Delhi,23:59:59,,India,28.6144130457047,77.083194181323,00:00:00,E-Wallet/Card/UPI,Unstaffed,1,BOLT 16A LITE 240V 5A/15A Socket,NILL,BOLT_00006639,Revos,Charging,,,"{'latitude': 28.6144130457047, 'longitude': 77.083194181323}",24 hours,1
"A-32/33, main road, sombazaar, 4Â½ Pusta, Gamri extension",110053,3.3 KW,Delhi,23:59:59,45,India,28.6943089950166,77.2549735754728,00:00:00,E-Wallet/Card/UPI,Unstaffed,1,BOLT 16A LITE 240V 5A/15A Socket,NILL,BOLT_005963,Revos,Charging,,,"{'latitude': 28.6943089950166, 'longitude': 77.2549735754728}",24 hours,1
D-18/241 Brijpuri Main Road near Arun morden senior sec. School Delhi 110094,110094,3.3 KW,Delhi,23:59:59,40,India,28.707253983268,77.2757580131292,00:00:00,E-Wallet/Card/UPI,Unstaffed,1,BOLT 16A LITE 240V 5A/15A Socket,NILL,BOLT_005912,Revos,Charging,,,"{'latitude': 28.707253983268, 'longitude': 77.2757580131292}",24 hours,1
D-18/241 Brijpuri Main Road near Arun morden senior Sec. school Delhi 110094,110094,3.3 KW,Delhi,23:59:59,40,India,28.7072134021822,77.2761261463165,00:00:00,E-Wallet/Card/UPI,Unstaffed,1,BOLT 16A LITE 240V 5A/15A Socket,NILL,BOLT_005929,Revos,Charging,,,"{'latitude': 28.7072134021822, 'longitude': 77.2761261463165}",24 hours,1
305 POCKET 1 PASCHIM PURI NEW DELHI 110063 SHOP NO 2,110026,3.3 KW,New Delhi,23:59:59,20,India,28.6651402924267,77.1139420196414,00:00:00,E-Wallet/Card/UPI,Unstaffed,1,BOLT 16A LITE 240V 5A/15A Socket,NILL,BOLT_00012814,Revos,Charging,,,"{'latitude': 28.6651402924267, 'longitude': 77.1139420196414}",24 hours,1
D-18/241 Brijpuri Main Road near Arun morden senior sec. School Delhi 110094,110094,3.3 KW,Delhi,23:59:59,40,India,28.7071742914108,77.2759940475225,00:00:00,E-Wallet/Card/UPI,Unstaffed,1,BOLT 16A LITE 240V 5A/15A Socket,NILL,BOLT_005910,Revos,Charging,,,"{'latitude': 28.7071742914108, 'longitude': 77.2759940475225}",24 hours,1
"C-63, Rajan Babu Road, Adarsh Nagar, Delhi-110033",110033,3.3 KW,Delhi,23:59:59,50,India,28.7193732023745,77.1737760677933,00:00:00,E-Wallet/Card/UPI,Unstaffed,1,BOLT 16A LITE 240V 5A/15A Socket,NILL,BOLT_00014753,Revos,Charging,,,"{'latitude': 28.7193732023745, 'longitude': 77.1737760677933}",24 hours,1
NA,110046,3.3 KW,New Delhi,23:59:59,,India,28.6054415954639,77.0958900824189,00:00:00,E-Wallet/Card/UPI,Unstaffed,1,BOLT 16A LITE 240V 5A/15A Socket,NILL,BOLT_00007741,Revos,Charging,,,"{'latitude': 28.6054415954639, 'longitude': 77.0958900824189}",24 hours,1
house no 5 near old bus stand Badli village,110042,3.3 KW,Delhi,23:59:59,,India,28.7365788162159,77.1448015049099,00:00:00,E-Wallet/Card/UPI,Unstaffed,1,BOLT 16A LITE 240V 5A/15A Socket,NILL,BOLT_005992,Revos,Charging,,,"{'latitude': 28.7365788162159, 'longitude': 77.1448015049099}",24 hours,1
38 c taimoor nagar nala road,110025,3.3 KW,New Delhi,23:59:59,50,India,28.5727420069127,77.2688845172524,00:00:00,E-Wallet/Card/UPI,Unstaffed,1,BOLT 16A LITE 240V 5A/15A Socket,NILL,BOLT_005922,Revos,Charging,,,"{'latitude': 28.5727420069127, 'longitude': 77.2688845172524}",24 hours,1
38 c taimoor nagar nala road ,110065,3.3 KW,New Delhi,23:59:59,50,India,28.5723645302431,77.2688613831996,00:00:00,E-Wallet/Card/UPI,Unstaffed,1,BOLT 16A LITE 240V 5A/15A Socket,NILL,BOLT_005918,Revos,Charging,,,"{'latitude': 28.5723645302431, 'longitude': 77.2688613831996}",24 hours,1
"A-13, main najafgarh road, (near nawada metro station) pillar number 737, uttam nagar, N. Delhi-59",110059,3.3 KW,Delhi,23:59:59,50,India,28.6199585963514,77.0435947179794,00:00:00,E-Wallet/Card/UPI,Unstaffed,1,BOLT 16A LITE 240V 5A/15A Socket,NILL,BOLT_005880,Revos,Charging,,,"{'latitude': 28.6199585963514, 'longitude': 77.0435947179794}",24 hours,1
Ho 5 Badli village near old bus stand,110042,3.3 KW,Delhi,23:59:59,40,India,28.7361090298177,77.144666723907,00:00:00,E-Wallet/Card/UPI,Unstaffed,1,BOLT 16A LITE 240V 5A/15A Socket,NILL,BOLT_005962,Revos,Charging,,,"{'latitude': 28.7361090298177, 'longitude': 77.144666723907}",24 hours,1
Ho 5 Badli village near old bus stand,110042,3.3 KW,Delhi,23:59:59,40,India,28.7364362342094,77.1450797840952,00:00:00,E-Wallet/Card/UPI,Unstaffed,1,BOLT 16A LITE 240V 5A/15A Socket,NILL,BOLT_005991,Revos,Charging,,,"{'latitude': 28.7364362342094, 'longitude': 77.1450797840952}",24 hours,1
F 1217 BALMIKI MANDIR MANGO L PURI,110083,3.3 KW,Delhi,23:59:59,1,India,28.6964023932538,77.0962870493531,00:00:00,E-Wallet/Card/UPI,Unstaffed,1,BOLT 16A LITE 240V 5A/15A Socket,NILL,BOLT_00011410,Revos,Charging,,,"{'latitude': 28.6964023932538, 'longitude': 77.0962870493531}",24 hours,1
shop no12 old rohtak road kishan ganj market,110007,3.3 KW,Delhi,23:59:59,50,India,28.6637955683993,77.1969721466302,00:00:00,E-Wallet/Card/UPI,Unstaffed,1,BOLT 16A LITE 240V 5A/15A Socket,NILL,BOLT_005916,Revos,Charging,,,"{'latitude': 28.6637955683993, 'longitude': 77.1969721466302}",24 hours,1
1249 ground flour janta flat gtb enclave delhi93,110093,3.3 KW,New Delhi,23:59:59,40,India,28.6896826658253,77.3140659928321,00:00:00,E-Wallet/Card/UPI,Unstaffed,1,BOLT 16A LITE 240V 5A/15A Socket,NILL,BOLT_00006207,Revos,Charging,,,"{'latitude': 28.6896826658253, 'longitude': 77.3140659928321}",24 hours,1
F299 Sahyog Vihar Matiala Near Shanti Garden dheli,110059,3.3 KW,New Delhi,23:59:59,40,India,28.6090055428224,77.0501406490802,00:00:00,E-Wallet/Card/UPI,Unstaffed,1,BOLT 16A LITE 240V 5A/15A Socket,NILL,BOLT_005878,Revos,Charging,,,"{'latitude': 28.6090055428224, 'longitude': 77.0501406490802}",24 hours,1
F 299 Sahyog Vihar Matiala Near Shanti Garden,110059,3.3 KW,New Delhi,23:59:59,40,India,28.6092389553741,77.0497899502515,00:00:00,E-Wallet/Card/UPI,Unstaffed,1,BOLT 16A LITE 240V 5A/15A Socket,NILL,BOLT_005888,Revos,Charging,,,"{'latitude': 28.6092389553741, 'longitude': 77.0497899502515}",24 hours,1
sangam park dda market shop no14,110007,3.3 KW,Delhi,23:59:59,40,India,28.6906876524917,77.1911557763814,00:00:00,E-Wallet/Card/UPI,Unstaffed,1,BOLT 16A LITE 240V 5A/15A Socket,NILL,BOLT_005939,Revos,Charging,,,"{'latitude': 28.6906876524917, 'longitude': 77.1911557763814}",24 hours,1
sangam park dda market shop no14,110007,3.3 KW,Delhi,23:59:59,40,India,28.6907026522197,77.190773896873,00:00:00,E-Wallet/Card/UPI,Unstaffed,1,BOLT 16A LITE 240V 5A/15A Socket,NILL,BOLT_005907,Revos,Charging,,,"{'latitude': 28.6907026522197, 'longitude': 77.190773896873}",24 hours,1
sangam park dda market,110007,3.3 KW,Delhi,23:59:59,40,India,28.6905888307011,77.191418968141,00:00:00,E-Wallet/Card/UPI,Unstaffed,1,BOLT 16A LITE 240V 5A/15A Socket,NILL,BOLT_005940,Revos,Charging,,,"{'latitude': 28.6905888307011, 'longitude': 77.191418968141}",24 hours,1
old mahabir nagar opp metro pillar no 553 near East Janakpuri metro station,110058,3.3 KW,New Delhi,23:59:59,40,India,28.6329021762869,77.0876017212867,00:00:00,E-Wallet/Card/UPI,Unstaffed,1,BOLT 16A LITE 240V 5A/15A Socket,NILL,BOLT_005887,Revos,Charging,,,"{'latitude': 28.6329021762869, 'longitude': 77.0876017212867}",24 hours,1
s 57 old mahabir nagar opp metro pillar no 553 near Janakpuri metro station,110058,3.3 KW,New Delhi,23:59:59,40,India,28.6329136529925,77.0864386484026,00:00:00,E-Wallet/Card/UPI,Unstaffed,1,BOLT 16A LITE 240V 5A/15A Socket,NILL,BOLT_005886,Revos,Charging,,,"{'latitude': 28.6329136529925, 'longitude': 77.0864386484026}",24 hours,1
s 57 old mahabir nagar opp metro pillar no 553 near Janakpuri metro station,110058,3.3 KW,New Delhi,23:59:59,40,India,28.6331793825177,77.0881800726056,00:00:00,E-Wallet/Card/UPI,Unstaffed,1,BOLT 16A LITE 240V 5A/15A Socket,NILL,BOLT_005993,Revos,Charging,,,"{'latitude': 28.6331793825177, 'longitude': 77.0881800726056}",24 hours,1
65 bal mukand khand giri nagar kalka ji new delhi,110019,3.3 KW,New Delhi,23:59:59,40,India,28.53899695775,77.2656980529427,00:00:00,E-Wallet/Card/UPI,Unstaffed,1,BOLT 16A LITE 240V 5A/15A Socket,NILL,BOLT_005909,Revos,Charging,,,"{'latitude': 28.53899695775, 'longitude': 77.2656980529427}",24 hours,1
65 bal mukand khand giri nagar kalka ji new delhi,110019,3.3 KW,New Delhi,23:59:59,40,India,28.5390264114902,77.2656152397394,00:00:00,E-Wallet/Card/UPI,Unstaffed,1,BOLT 16A LITE 240V 5A/15A Socket,NILL,BOLT_005938,Revos,Charging,,,"{'latitude': 28.5390264114902, 'longitude': 77.2656152397394}",24 hours,1
E6 kirshana nagar near Gyan deep siksha Niketan delhi,110051,3.3 KW,Delhi,23:59:59,40,India,28.6622978473633,77.2819441929459,00:00:00,E-Wallet/Card/UPI,Unstaffed,1,BOLT 16A LITE 240V 5A/15A Socket,NILL,BOLT_005865,Revos,Charging,,,"{'latitude': 28.6622978473633, 'longitude': 77.2819441929459}",24 hours,1
E6 kirshana nagar near Gyan deep siksha Niketan delhi,110051,3.3 KW,Delhi,23:59:59,40,India,28.6621831124002,77.2819307819008,00:00:00,E-Wallet/Card/UPI,Unstaffed,1,BOLT 16A LITE 240V 5A/15A Socket,NILL,BOLT_005860,Revos,Charging,,,"{'latitude': 28.6621831124002, 'longitude': 77.2819307819008}",24 hours,1
H 32 Kalkaji Behind Mc Donald,110019,3.3 KW,New Delhi,23:59:59,40,India,28.5401309208033,77.257616892457,00:00:00,E-Wallet/Card/UPI,Unstaffed,1,BOLT 16A LITE 240V 5A/15A Socket,NILL,BOLT_005866,Revos,Charging,,,"{'latitude': 28.5401309208033, 'longitude': 77.257616892457}",24 hours,1
H  32 Kalkaji Behind Mc Donald,110019,3.3 KW,New Delhi,23:59:59,40,India,28.5402116231632,77.2577107697725,00:00:00,E-Wallet/Card/UPI,Unstaffed,1,BOLT 16A LITE 240V 5A/15A Socket,NILL,BOLT_005908,Revos,Charging,,,"{'latitude': 28.5402116231632, 'longitude': 77.2577107697725}",24 hours,1
S-32 KRISHNA NAGAR NEAR BY RATNA DEVI SCHOOL DOMINOS CHACHI BUILDING SATNAAM ROAD DELHI 110051,110032,3.3 KW,New Delhi,23:59:59,40,India,28.6616288525021,77.2804002463817,00:00:00,E-Wallet/Card/UPI,Unstaffed,1,BOLT 16A LITE 240V 5A/15A Socket,NILL,BOLT_005862,Revos,Charging,,,"{'latitude': 28.6616288525021, 'longitude': 77.2804002463817}",24 hours,1
pocket F gate no 4 near Greenfield public school delhe,110093,3.3 KW,Delhi,23:59:59,40,India,28.6861382240806,77.3127667978406,00:00:00,E-Wallet/Card/UPI,Unstaffed,1,BOLT 16A LITE 240V 5A/15A Socket,NILL,BOLT_005863,Revos,Charging,,,"{'latitude': 28.6861382240806, 'longitude': 77.3127667978406}",24 hours,1
77.292667267478,110076,3.3 KW,New Delhi,23:59:59,5,India,28.5289344787597,77.2926635742187,00:00:00,E-Wallet/Card/UPI,Unstaffed,1,BOLT 16A LITE 240V 5A/15A Socket,NILL,BOLT_001484,Revos,Charging,,,"{'latitude': 28.5289344787597, 'longitude': 77.2926635742187}",24 hours,1
"ETO BRANCH OFFICE, DELHI",110066,3.3 KW,New Delhi,23:59:59,,India,28.5689389160051,77.1870968743405,00:00:00,E-Wallet/Card/UPI,Unstaffed,1,BOLT 16A LITE 240V 5A/15A Socket,NILL,BOLT_001494,Revos,Charging,,,"{'latitude': 28.5689389160051, 'longitude': 77.1870968743405}",24 hours,1
"Matiala, Delhi, 110078",110078,3.3 KW,Delhi,23:59:59,5,India,28.6086865,77.0494577,00:00:00,E-Wallet/Card/UPI,Unstaffed,1,BOLT 16A LITE 240V 5A/15A Socket,NILL,BOLT_004668,Revos,Charging,,,"{'latitude': 28.6086865, 'longitude': 77.0494577}",24 hours,1
"Pocket E Sarita Vihar, Sarita Vihar, New Delhi, Delhi 110076",110076,3.3 KW,New Delhi,23:59:59,5,India,28.5289341149285,77.292667267478,00:00:00,E-Wallet/Card/UPI,Unstaffed,1,BOLT 16A LITE 240V 5A/15A Socket,NILL,BOLT_002555,Revos,Charging,,,"{'latitude': 28.5289341149285, 'longitude': 77.292667267478}",24 hours,1
H no50  gali no7 onkar nagar B tri Nagar Delhi 110035,110035,3.3 KW,Delhi,23:59:59,40,India,28.6733997731576,77.1593850106,00:00:00,E-Wallet/Card/UPI,Unstaffed,1,BOLT 16A LITE 240V 5A/15A Socket,NILL,BOLT_005864,Revos,Charging,,,"{'latitude': 28.6733997731576, 'longitude': 77.1593850106}",24 hours,1
H no50 Gali no7 Onkar Nagar Tri Nagar Delhi 110035,110035,3.3 KW,Delhi,23:59:59,40,India,28.6734265417949,77.1593635529279,00:00:00,E-Wallet/Card/UPI,Unstaffed,1,BOLT 16A LITE 240V 5A/15A Socket,NILL,BOLT_005902,Revos,Charging,,,"{'latitude': 28.6734265417949, 'longitude': 77.1593635529279}",24 hours,1
H n0 50 Gali no7 Onkar Nagar BTri Nagar Delhi 110035,110035,3.3 KW,Delhi,23:59:59,40,India,28.673516849125,77.1594889461994,00:00:00,E-Wallet/Card/UPI,Unstaffed,1,BOLT 16A LITE 240V 5A/15A Socket,NILL,BOLT_005905,Revos,Charging,,,"{'latitude': 28.673516849125, 'longitude': 77.1594889461994}",24 hours,1
SHOP NO SH33473 new moti nagar near milan cinama Delhi 15,110015,3.3 KW,New Delhi,23:59:59,40,India,28.6630883384262,77.1448346972465,00:00:00,E-Wallet/Card/UPI,Unstaffed,1,BOLT 16A LITE 240V 5A/15A Socket,NILL,BOLT_003928,Revos,Charging,,,"{'latitude': 28.6630883384262, 'longitude': 77.1448346972465}",24 hours,1
SHOP NO SH33473 NEW MOTI NAGAR NEAR MILAN CINEMA NEW DELHI 110015,110015,3.3 KW,New Delhi,23:59:59,40,India,28.6630356784328,77.1447994932532,00:00:00,E-Wallet/Card/UPI,Unstaffed,1,BOLT 16A LITE 240V 5A/15A Socket,NILL,BOLT_005203,Revos,Charging,,,"{'latitude': 28.6630356784328, 'longitude': 77.1447994932532}",24 hours,1
G257 vishwas Park behind akash hospital sec.3 dwarka ,110075,3.3 KW,New Delhi,23:59:59,50,India,28.605544618434,77.0543681457638,00:00:00,E-Wallet/Card/UPI,Unstaffed,1,BOLT 16A LITE 240V 5A/15A Socket,NILL,BOLT_005201,Revos,Charging,,,"{'latitude': 28.605544618434, 'longitude': 77.0543681457638}",24 hours,1
rz421 main road Gali no.13 Tughlaqabad Extension,110019,3.3 KW,New Delhi,23:59:59,40,India,28.5236038958243,77.2619288787245,00:00:00,E-Wallet/Card/UPI,Unstaffed,1,BOLT 16A LITE 240V 5A/15A Socket,NILL,BOLT_00015132,Revos,Charging,,,"{'latitude': 28.5236038958243, 'longitude': 77.2619288787245}",24 hours,1
godown no 731 mb road Lal kuan,110044,3.3 KW,delhi,23:59:59,50,India,28.5047411053125,77.2780801355838,00:00:00,E-Wallet/Card/UPI,Unstaffed,1,BOLT 16A LITE 240V 5A/15A Socket,NILL,BOLT_00015102,Revos,Charging,,,"{'latitude': 28.5047411053125, 'longitude': 77.2780801355838}",24 hours,1
sh no 10mane market Nehru Nagar,110065,3.3 KW,New Delhi,23:59:59,80,India,28.5700039453459,77.2538396716117,00:00:00,E-Wallet/Card/UPI,Unstaffed,1,BOLT 16A LITE 240V 5A/15A Socket,NILL,BOLT_00015216,Revos,Charging,,,"{'latitude': 28.5700039453459, 'longitude': 77.2538396716117}",24 hours,1
sh no10 mane markit Nehru Nagar,110014,3.3 KW,New Delhi,23:59:59,80,India,28.5699789170322,77.2537994384765,00:00:00,E-Wallet/Card/UPI,Unstaffed,1,BOLT 16A LITE 240V 5A/15A Socket,NILL,BOLT_00015192,Revos,Charging,,,"{'latitude': 28.5699789170322, 'longitude': 77.2537994384765}",24 hours,1
B215 lagpat nagar delhi,110024,3.3 KW,New Delhi,23:59:59,40,India,28.5748522591004,77.2411182895302,00:00:00,E-Wallet/Card/UPI,Unstaffed,1,BOLT 16A LITE 240V 5A/15A Socket,NILL,BOLT_00015083,Revos,Charging,,,"{'latitude': 28.5748522591004, 'longitude': 77.2411182895302}",24 hours,1
stall no1 DSIDC shed Okhla phase I,110044,3.3 KW,New Delhi,23:59:59,40,India,28.5260995519955,77.2824507951736,00:00:00,E-Wallet/Card/UPI,Unstaffed,1,BOLT 16A LITE 240V 5A/15A Socket,NILL,BOLT_00015131,Revos,Charging,,,"{'latitude': 28.5260995519955, 'longitude': 77.2824507951736}",24 hours,1
B 215 Lajpat Nagar Delhi,110024,3.3 KW,New Delhi,23:59:59,40,India,28.5751340350714,77.2389688342809,00:00:00,E-Wallet/Card/UPI,Unstaffed,1,BOLT 16A LITE 240V 5A/15A Socket,NILL,BOLT_00015178,Revos,Charging,,,"{'latitude': 28.5751340350714, 'longitude': 77.2389688342809}",24 hours,1
8785 roashanara road new Delhi,110007,3.3 KW,New Delhi,23:59:59,50,India,28.6673048764867,77.2077324986457,00:00:00,E-Wallet/Card/UPI,Unstaffed,1,BOLT 16A LITE 240V 5A/15A Socket,NILL,BOLT_00015218,Revos,Charging,,,"{'latitude': 28.6673048764867, 'longitude': 77.2077324986457}",24 hours,1
wz 300 c palam village,110075,3.3 KW,New Delhi,23:59:59,50,India,28.5898536450966,77.0756397396326,00:00:00,E-Wallet/Card/UPI,Unstaffed,1,BOLT 16A LITE 240V 5A/15A Socket,NILL,BOLT_005868,Revos,Charging,,,"{'latitude': 28.5898536450966, 'longitude': 77.0756397396326}",24 hours,1
H 655 C main Ramphal Chowk Road palam extn Sector 7 Dwarka 110077,110045,3.3 KW,New Delhi,23:59:59,50,India,28.5868893385599,77.0722983777523,00:00:00,E-Wallet/Card/UPI,Unstaffed,1,BOLT 16A LITE 240V 5A/15A Socket,NILL,BOLT_005895,Revos,Charging,,,"{'latitude': 28.5868893385599, 'longitude': 77.0722983777523}",24 hours,1
najafgarh,110043,3.3 KW,Delhi,23:59:59,10,India,28.5999161784141,76.9990898296237,00:00:00,E-Wallet/Card/UPI,Unstaffed,1,BOLT 16A LITE 240V 5A/15A Socket,NILL,BOLT_00014793,Revos,Charging,,,"{'latitude': 28.5999161784141, 'longitude': 76.9990898296237}",24 hours,1
151 Sarai jullena okhla road new delhi ,110025,3.3 KW,New Delhi,23:59:59,50,India,28.560833467175,77.2711630538106,00:00:00,E-Wallet/Card/UPI,Unstaffed,1,BOLT 16A LITE 240V 5A/15A Socket,NILL,BOLT_00015145,Revos,Charging,,,"{'latitude': 28.560833467175, 'longitude': 77.2711630538106}",24 hours,1
151 Sarai jullena okhla road new delhi ,110065,3.3 KW,New Delhi,23:59:59,50,India,28.5608979574811,77.2712730243802,00:00:00,E-Wallet/Card/UPI,Unstaffed,1,BOLT 16A LITE 240V 5A/15A Socket,NILL,BOLT_00015114,Revos,Charging,,,"{'latitude': 28.5608979574811, 'longitude': 77.2712730243802}",24 hours,1
Main Chattarpur Road,110030,3.3 KW,New Delhi,23:59:59,100,India,28.4986794432228,77.1855844929814,00:00:00,E-Wallet/Card/UPI,Unstaffed,1,BOLT 16A LITE 240V 5A/15A Socket,NILL,BOLT_00014250,Revos,Charging,,,"{'latitude': 28.4986794432228, 'longitude': 77.1855844929814}",24 hours,1
House No 2 First Floor Ishwar Colony,110007,3.3 KW,New Delhi,23:59:59,100,India,28.6935607964493,77.1949725598096,00:00:00,E-Wallet/Card/UPI,Unstaffed,1,BOLT 16A LITE 240V 5A/15A Socket,NILL,BOLT_00012868,Revos,Charging,,,"{'latitude': 28.6935607964493, 'longitude': 77.1949725598096}",24 hours,1
"B-37Mohit Nagar, Shiv park main kakrola Road Delhi 110075",110078,3.3 KW,Delhi,23:59:59,50,India,28.6093093028132,77.0343129336834,00:00:00,E-Wallet/Card/UPI,Unstaffed,1,BOLT 16A LITE 240V 5A/15A Socket,NILL,BOLT_00015243,Revos,Charging,,,"{'latitude': 28.6093093028132, 'longitude': 77.0343129336834}",24 hours,1
A 121 double story kalka ji new delhi,110019,3.3 KW,New Delhi,23:59:59,50,India,28.5437553972126,77.2505425661802,00:00:00,E-Wallet/Card/UPI,Unstaffed,1,BOLT 16A LITE 240V 5A/15A Socket,NILL,BOLT_00015151,Revos,Charging,,,"{'latitude': 28.5437553972126, 'longitude': 77.2505425661802}",24 hours,1
A 121 double story kalka ji new delhi,110019,3.3 KW,New Delhi,23:59:59,50,India,28.5437978086801,77.2505432367324,00:00:00,E-Wallet/Card/UPI,Unstaffed,1,BOLT 16A LITE 240V 5A/15A Socket,NILL,BOLT_00015130,Revos,Charging,,,"{'latitude': 28.5437978086801, 'longitude': 77.2505432367324}",24 hours,1
B 37 mohit Nagar Shiv park main kakrola roab Delhi 110075,110078,3.3 KW,Delhi,23:59:59,50,India,28.6093022386373,77.0342995226383,00:00:00,E-Wallet/Card/UPI,Unstaffed,1,BOLT 16A LITE 240V 5A/15A Socket,NILL,BOLT_00015205,Revos,Charging,,,"{'latitude': 28.6093022386373, 'longitude': 77.0342995226383}",24 hours,1
south ganesh nagar delhi,110092,3.3 KW,New Delhi,23:59:59,40,India,28.625391138983,77.2858860343694,00:00:00,E-Wallet/Card/UPI,Unstaffed,1,BOLT 16A LITE 240V 5A/15A Socket,NILL,BOLT_00015176,Revos,Charging,,,"{'latitude': 28.625391138983, 'longitude': 77.2858860343694}",24 hours,1
612 sunlight coloney 2 Hari nagar ashram,110014,3.3 KW,New Delhi,23:59:59,40,India,28.5769556970389,77.2588832303881,00:00:00,E-Wallet/Card/UPI,Unstaffed,1,BOLT 16A LITE 240V 5A/15A Socket,NILL,BOLT_00015081,Revos,Charging,,,"{'latitude': 28.5769556970389, 'longitude': 77.2588832303881}",24 hours,1
"C-39 MAIN MARKET, West Patel Nagar, New Delhi, Delhi 110008",110008,3.3 KW,New Delhi,23:59:59,18,India,28.6506416044609,77.164535857737,00:00:00,E-Wallet/Card/UPI,Unstaffed,1,BOLT 16A LITE 240V 5A/15A Socket,NILL,BOLT_00011789,Revos,Charging,,,"{'latitude': 28.6506416044609, 'longitude': 77.164535857737}",24 hours,1
151 Sarai jullena okhla road new delhi ,110065,3.3 KW,New Delhi,23:59:59,50,India,28.560880288908,77.2713243216276,00:00:00,E-Wallet/Card/UPI,Unstaffed,1,BOLT 16A LITE 240V 5A/15A Socket,NILL,BOLT_00015365,Revos,Charging,,,"{'latitude': 28.560880288908, 'longitude': 77.2713243216276}",24 hours,1
E471 nav jevaan camp govindpuri Delhi,110019,3.3 KW,New Delhi,23:59:59,40,India,28.5310314805964,77.262051589787,00:00:00,E-Wallet/Card/UPI,Unstaffed,1,BOLT 16A LITE 240V 5A/15A Socket,NILL,BOLT_00015064,Revos,Charging,,,"{'latitude': 28.5310314805964, 'longitude': 77.262051589787}",24 hours,1
128 3 kilokari near maharanibagh ashram,110024,3.3 KW,New Delhi,23:59:59,50,India,28.5821016406849,77.2640424594283,00:00:00,E-Wallet/Card/UPI,Unstaffed,1,BOLT 16A LITE 240V 5A/15A Socket,NILL,BOLT_00015367,Revos,Charging,,,"{'latitude': 28.5821016406849, 'longitude': 77.2640424594283}",24 hours,1
128 3 kilokari near maharanibagh ashram,110024,3.3 KW,New Delhi,23:59:59,50,India,28.5821016406849,77.2640424594283,00:00:00,E-Wallet/Card/UPI,Unstaffed,1,BOLT 16A LITE 240V 5A/15A Socket,NILL,BOLT_00015363,Revos,Charging,,,"{'latitude': 28.5821016406849, 'longitude': 77.2640424594283}",24 hours,1
E25 pandav nagar near hero showroom delhi,110092,3.3 KW,New Delhi,23:59:59,40,India,28.6172791565822,77.2867564111948,00:00:00,E-Wallet/Card/UPI,Unstaffed,1,BOLT 16A LITE 240V 5A/15A Socket,NILL,BOLT_00015091,Revos,Charging,,,"{'latitude': 28.6172791565822, 'longitude': 77.2867564111948}",24 hours,1
House C200 Rishal Garden Nangloi,110041,3.3 KW,Delhi,23:59:59,30,India,28.6591081686055,77.0502838119864,00:00:00,E-Wallet/Card/UPI,Unstaffed,1,BOLT 16A LITE 240V 5A/15A Socket,NILL,BOLT_00015331,Revos,Charging,,,"{'latitude': 28.6591081686055, 'longitude': 77.0502838119864}",24 hours,1
shop no 1 apna bazar nehru nagar delhi,110014,3.3 KW,New Delhi,23:59:59,40,India,28.571403754731,77.2544696554541,00:00:00,E-Wallet/Card/UPI,Unstaffed,1,BOLT 16A LITE 240V 5A/15A Socket,NILL,BOLT_00015172,Revos,Charging,,,"{'latitude': 28.571403754731, 'longitude': 77.2544696554541}",24 hours,1
shop no 1 apna bazar neheru nagar delhi,110065,3.3 KW,New Delhi,23:59:59,40,India,28.5712229642423,77.2543566673994,00:00:00,E-Wallet/Card/UPI,Unstaffed,1,BOLT 16A LITE 240V 5A/15A Socket,NILL,BOLT_00015105,Revos,Charging,,,"{'latitude': 28.5712229642423, 'longitude': 77.2543566673994}",24 hours,1
f-3 496 veer bazar neem chowk sangam vihar ,110080,3.3 KW,New Delhi,23:59:59,50,India,28.4967040905667,77.2419055178761,00:00:00,E-Wallet/Card/UPI,Unstaffed,1,BOLT 16A LITE 240V 5A/15A Socket,NILL,BOLT_00015359,Revos,Charging,,,"{'latitude': 28.4967040905667, 'longitude': 77.2419055178761}",24 hours,1
f_3 496 veer bazar neem chowk sangam vihar ,110080,3.3 KW,New Delhi,23:59:59,50,India,28.4966669639546,77.2418505325913,00:00:00,E-Wallet/Card/UPI,Unstaffed,1,BOLT 16A LITE 240V 5A/15A Socket,NILL,BOLT_00015366,Revos,Charging,,,"{'latitude': 28.4966669639546, 'longitude': 77.2418505325913}",24 hours,1
wp 65a pitam pura,110034,3.3 KW,New Delhi,23:59:59,,India,28.7082320414858,77.1506695076823,00:00:00,E-Wallet/Card/UPI,Unstaffed,1,BOLT 16A LITE 240V 5A/15A Socket,NILL,BOLT_00007729,Revos,Charging,,,"{'latitude': 28.7082320414858, 'longitude': 77.1506695076823}",24 hours,1
154 amichand Khand Giri Nagar kalkaji,110019,3.3 KW,New Delhi,23:59:59,40,India,28.5424812780814,77.2647307813167,00:00:00,E-Wallet/Card/UPI,Unstaffed,1,BOLT 16A LITE 240V 5A/15A Socket,NILL,BOLT_00015203,Revos,Charging,,,"{'latitude': 28.5424812780814, 'longitude': 77.2647307813167}",24 hours,1
154 amichand Khand Giri Nagar kalkaji,110019,3.3 KW,New Delhi,23:59:59,40,India,28.5427410511939,77.2649289295077,00:00:00,E-Wallet/Card/UPI,Unstaffed,1,BOLT 16A LITE 240V 5A/15A Socket,NILL,BOLT_00015224,Revos,Charging,,,"{'latitude': 28.5427410511939, 'longitude': 77.2649289295077}",24 hours,1
C 84 A lajpat nagar 1,110024,3.3 KW,New Delhi,23:59:59,100,India,28.5771367721068,77.2393339499831,00:00:00,E-Wallet/Card/UPI,Unstaffed,1,BOLT 16A LITE 240V 5A/15A Socket,NILL,BOLT_00015371,Revos,Charging,,,"{'latitude': 28.5771367721068, 'longitude': 77.2393339499831}",24 hours,1
C 30 E Railway Colony Lajpat Nagar I,110024,3.3 KW,New Delhi,23:59:59,,India,28.5758241916282,77.2445555403828,00:00:00,E-Wallet/Card/UPI,Unstaffed,1,BOLT 16A LITE 240V 5A/15A Socket,NILL,BOLT_00015500,Revos,Charging,,,"{'latitude': 28.5758241916282, 'longitude': 77.2445555403828}",24 hours,1
B 8 MAIN ROAD JOHRI PUR EXTANSION OPP LALIT BUILDER NEAHDFCR BANK ATM DELHI,110094,3.3 KW,Delhi,23:59:59,40,India,28.7122329865951,77.2879124432802,00:00:00,E-Wallet/Card/UPI,Unstaffed,1,BOLT 16A LITE 240V 5A/15A Socket,NILL,BOLT_00015196,Revos,Charging,,,"{'latitude': 28.7122329865951, 'longitude': 77.2879124432802}",24 hours,1
B-8 JOHRI PUR EXTANSION OPP LALIT BUILDER NEAR HDFC BANK ATM DELHI,110094,3.3 KW,Delhi,23:59:59,40,India,28.712478519548,77.287827283144,00:00:00,E-Wallet/Card/UPI,Unstaffed,1,BOLT 16A LITE 240V 5A/15A Socket,NILL,BOLT_00015221,Revos,Charging,,,"{'latitude': 28.712478519548, 'longitude': 77.287827283144}",24 hours,1
7724 Fasih Building Clock Tower Delhi 110007,110052,3.3 KW,New Delhi,23:59:59,90,India,28.6860917523024,77.185731343925,00:00:00,E-Wallet/Card/UPI,Unstaffed,1,BOLT 16A LITE 240V 5A/15A Socket,NILL,BOLT_00015193,Revos,Charging,,,"{'latitude': 28.6860917523024, 'longitude': 77.185731343925}",24 hours,1
B-8 JOHRI PUR EXTANSION OPP LALIT BUILDER NEAR HDFC BANK ATM DELHI,110094,3.3 KW,Delhi,23:59:59,40,India,28.7130386853849,77.2867406532168,00:00:00,E-Wallet/Card/UPI,Unstaffed,1,BOLT 16A LITE 240V 5A/15A Socket,NILL,BOLT_00015225,Revos,Charging,,,"{'latitude': 28.7130386853849, 'longitude': 77.2867406532168}",24 hours,1
57 tanchua mohlla village chilla ,110091,3.3 KW,New Delhi,23:59:59,40,India,28.5957625784409,77.299471758306,00:00:00,E-Wallet/Card/UPI,Unstaffed,1,BOLT 16A LITE 240V 5A/15A Socket,NILL,BOLT_005861,Revos,Charging,,,"{'latitude': 28.5957625784409, 'longitude': 77.299471758306}",24 hours,1
B 6 upon 4 Okhla phase ii,110020,3.3 KW,New Delhi,23:59:59,40,India,28.5337042815031,77.2764889150857,00:00:00,E-Wallet/Card/UPI,Unstaffed,1,BOLT 16A LITE 240V 5A/15A Socket,NILL,BOLT_00015364,Revos,Charging,,,"{'latitude': 28.5337042815031, 'longitude': 77.2764889150857}",24 hours,1
B 6 upon 4 Okhla phase ii,110020,3.3 KW,New Delhi,23:59:59,40,India,28.5337033978464,77.2764872387051,00:00:00,E-Wallet/Card/UPI,Unstaffed,1,BOLT 16A LITE 240V 5A/15A Socket,NILL,BOLT_00015079,Revos,Charging,,,"{'latitude': 28.5337033978464, 'longitude': 77.2764872387051}",24 hours,1
Main road Tahir pur h no 136,110093,3.3 KW,Delhi,23:59:59,40,India,28.6867279432715,77.3190756887197,00:00:00,E-Wallet/Card/UPI,Unstaffed,1,BOLT 16A LITE 240V 5A/15A Socket,NILL,BOLT_005194,Revos,Charging,,,"{'latitude': 28.6867279432715, 'longitude': 77.3190756887197}",24 hours,1
"C-9/12, Som Bazar, Jeevan Park, (back side of pradhanmantri Jan Ausdi Kendra) Pankha Road Uttam Nagar, New Delhi -110059",110058,3.3 KW,New Delhi,23:59:59,13,India,28.619262254674,77.0726748928427,00:00:00,E-Wallet/Card/UPI,Unstaffed,1,BOLT 16A LITE 240V 5A/15A Socket,NILL,BOLT_00012624,Revos,Charging,,,"{'latitude': 28.619262254674, 'longitude': 77.0726748928427}",24 hours,1
Near CNN pump tahirpur  Delhi  110095,110095,3.3 KW,Delhi,23:59:59,40,India,28.6858232156108,77.3182629793882,00:00:00,E-Wallet/Card/UPI,Unstaffed,1,BOLT 16A LITE 240V 5A/15A Socket,NILL,BOLT_003993,Revos,Charging,,,"{'latitude': 28.6858232156108, 'longitude': 77.3182629793882}",24 hours,1
house no 10 A main road chattarpur gaon,110074,3.3 KW,New Delhi,23:59:59,15,India,28.5012019124516,77.1832690760493,00:00:00,E-Wallet/Card/UPI,Unstaffed,1,BOLT 16A LITE 240V 5A/15A Socket,NILL,BOLT_00015369,Revos,Charging,,,"{'latitude': 28.5012019124516, 'longitude': 77.1832690760493}",24 hours,1
C 81 radhy shyam park extension gali no 4 near jagatpuri police station,110051,3.3 KW,New Delhi,23:59:59,40,India,28.6437688772892,77.2851457446813,00:00:00,E-Wallet/Card/UPI,Unstaffed,1,BOLT 16A LITE 240V 5A/15A Socket,NILL,BOLT_00015175,Revos,Charging,,,"{'latitude': 28.6437688772892, 'longitude': 77.2851457446813}",24 hours,1
Chhawla village main bus stand,110071,3.3 KW,New Delhi,23:59:59,15,India,28.5611376608297,77.0023530721664,00:00:00,E-Wallet/Card/UPI,Unstaffed,1,BOLT 16A LITE 240V 5A/15A Socket,NILL,BOLT_00015165,Revos,Charging,,,"{'latitude': 28.5611376608297, 'longitude': 77.0023530721664}",24 hours,1
A 29 gali no 4 Om nagar Mithapur badarpur,110044,3.3 KW,New Delhi,23:59:59,10,India,28.4967367973333,77.3249229043722,00:00:00,E-Wallet/Card/UPI,Unstaffed,1,BOLT 16A LITE 240V 5A/15A Socket,NILL,BOLT_00015691,Revos,Charging,,,"{'latitude': 28.4967367973333, 'longitude': 77.3249229043722}",24 hours,1
RZ 1912 Gali no 25 tughlakabad extension ,110019,3.3 KW,New Delhi,23:59:59,50,India,28.5211432364717,77.2557108476758,00:00:00,E-Wallet/Card/UPI,Unstaffed,1,BOLT 16A LITE 240V 5A/15A Socket,NILL,BOLT_00015174,Revos,Charging,,,"{'latitude': 28.5211432364717, 'longitude': 77.2557108476758}",24 hours,1
38/5/2 Aram park shastri nagar laxmi nagar road,110031,3.3 KW,New Delhi,23:59:59,100,India,28.6448187347789,77.2792683541774,00:00:00,E-Wallet/Card/UPI,Unstaffed,1,BOLT 16A LITE 240V 5A/15A Socket,NILL,BOLT_00015306,Revos,Charging,,,"{'latitude': 28.6448187347789, 'longitude': 77.2792683541774}",24 hours,1
38/5/2 Aram park shastri nagar laxmi nagar road ,110031,3.3 KW,New Delhi,23:59:59,20,India,28.644766948333,77.2792375087738,00:00:00,E-Wallet/Card/UPI,Unstaffed,1,BOLT 16A LITE 240V 5A/15A Socket,NILL,BOLT_00015217,Revos,Charging,,,"{'latitude': 28.644766948333, 'longitude': 77.2792375087738}",24 hours,1
C 150 main mathura road badarpur near axis bank and jaitpur mod ,110044,3.3 KW,New Delhi,23:59:59,40,India,28.4979858346435,77.3024691268801,00:00:00,E-Wallet/Card/UPI,Unstaffed,1,BOLT 16A LITE 240V 5A/15A Socket,NILL,BOLT_00015162,Revos,Charging,,,"{'latitude': 28.4979858346435, 'longitude': 77.3024691268801}",24 hours,1
shop no 1 meethapur village near primery school,110044,3.3 KW,New Delhi,23:59:59,50,India,28.4986193345883,77.3163897916674,00:00:00,E-Wallet/Card/UPI,Unstaffed,1,BOLT 16A LITE 240V 5A/15A Socket,NILL,BOLT_00015097,Revos,Charging,,,"{'latitude': 28.4986193345883, 'longitude': 77.3163897916674}",24 hours,1
A121 double story kalkaji,110019,3.3 KW,New Delhi,23:59:59,50,India,28.5437524519712,77.2505016624927,00:00:00,E-Wallet/Card/UPI,Unstaffed,1,BOLT 16A LITE 240V 5A/15A Socket,NILL,BOLT_00015171,Revos,Charging,,,"{'latitude': 28.5437524519712, 'longitude': 77.2505016624927}",24 hours,1
godawn no 731 mb road Lal kuan delhi 110044,110044,3.3 KW,New Delhi,23:59:59,50,India,28.504421722485,77.2784465923905,00:00:00,E-Wallet/Card/UPI,Unstaffed,1,BOLT 16A LITE 240V 5A/15A Socket,NILL,BOLT_00015142,Revos,Charging,,,"{'latitude': 28.504421722485, 'longitude': 77.2784465923905}",24 hours,1
Qtr no 874 Rkpuram sector 6 ,110022,3.3 KW,New Delhi,23:59:59,10,India,28.5660287856148,77.1716235950589,00:00:00,E-Wallet/Card/UPI,Unstaffed,1,BOLT 16A LITE 240V 5A/15A Socket,NILL,BOLT_00010461,Revos,Charging,,,"{'latitude': 28.5660287856148, 'longitude': 77.1716235950589}",24 hours,1
b 113 1 amritpuri b garhi,110065,3.3 KW,New Delhi,23:59:59,50,India,28.5565119376816,77.253121510148,00:00:00,E-Wallet/Card/UPI,Unstaffed,1,BOLT 16A LITE 240V 5A/15A Socket,NILL,BOLT_00015156,Revos,Charging,,,"{'latitude': 28.5565119376816, 'longitude': 77.253121510148}",24 hours,1
MBR Enclave pochanpur sector 23 dwarka ,110061,3.3 KW,New Delhi,23:59:59,40,India,28.5594182042077,77.0504239574074,00:00:00,E-Wallet/Card/UPI,Unstaffed,1,BOLT 16A LITE 240V 5A/15A Socket,NILL,BOLT_00015324,Revos,Charging,,,"{'latitude': 28.5594182042077, 'longitude': 77.0504239574074}",24 hours,1
34 apna bazar nehru nagar new delhi,110065,3.3 KW,New Delhi,23:59:59,40,India,28.5714175937296,77.2551968693733,00:00:00,E-Wallet/Card/UPI,Unstaffed,1,BOLT 16A LITE 240V 5A/15A Socket,NILL,BOLT_00015164,Revos,Charging,,,"{'latitude': 28.5714175937296, 'longitude': 77.2551968693733}",24 hours,1
34 apna bazar nehru nagar new delhi ,110065,3.3 KW,New Delhi,23:59:59,40,India,28.5715715892715,77.2551365196704,00:00:00,E-Wallet/Card/UPI,Unstaffed,1,BOLT 16A LITE 240V 5A/15A Socket,NILL,BOLT_00015090,Revos,Charging,,,"{'latitude': 28.5715715892715, 'longitude': 77.2551365196704}",24 hours,1
MBR Enclave near mata mandir dwarka ,110077,3.3 KW,New Delhi,23:59:59,40,India,28.5593316269541,77.0505959540605,00:00:00,E-Wallet/Card/UPI,Unstaffed,1,BOLT 16A LITE 240V 5A/15A Socket,NILL,BOLT_00015323,Revos,Charging,,,"{'latitude': 28.5593316269541, 'longitude': 77.0505959540605}",24 hours,1
21 block trilokpuri ,110091,3.3 KW,New Delhi,23:59:59,40,India,28.6056414599338,77.3062973096966,00:00:00,E-Wallet/Card/UPI,Unstaffed,1,BOLT 16A LITE 240V 5A/15A Socket,NILL,BOLT_00015095,Revos,Charging,,,"{'latitude': 28.6056414599338, 'longitude': 77.3062973096966}",24 hours,1
4773A Roshanara road,110007,3.3 KW,Delhi,23:59:59,40,India,28.670862016457,77.2023630514741,00:00:00,E-Wallet/Card/UPI,Unstaffed,1,BOLT 16A LITE 240V 5A/15A Socket,NILL,BOLT_00015173,Revos,Charging,,,"{'latitude': 28.670862016457, 'longitude': 77.2023630514741}",24 hours,1
"House No. 71B, Block A, Krishan Vihar, Opp. Budh Vihar",110041,3.3 KW,New Delhi,23:59:59,10,India,28.7047008730012,77.0850871503353,00:00:00,E-Wallet/Card/UPI,Unstaffed,1,BOLT 16A LITE 240V 5A/15A Socket,NILL,BOLT_00013948,Revos,Charging,,,"{'latitude': 28.7047008730012, 'longitude': 77.0850871503353}",24 hours,1
Shop No 6 Roop Nagar Delhi 110007,110007,3.3 KW,New Delhi,23:59:59,40,India,28.6832972310764,77.197473719716,00:00:00,E-Wallet/Card/UPI,Unstaffed,1,BOLT 16A LITE 240V 5A/15A Socket,NILL,BOLT_00015100,Revos,Charging,,,"{'latitude': 28.6832972310764, 'longitude': 77.197473719716}",24 hours,1
Shop No 6 Roop Nagar Delhi ,110007,3.3 KW,New Delhi,23:59:59,40,India,28.6832698766952,77.197370454669,00:00:00,E-Wallet/Card/UPI,Unstaffed,1,BOLT 16A LITE 240V 5A/15A Socket,NILL,BOLT_005202,Revos,Charging,,,"{'latitude': 28.6832698766952, 'longitude': 77.197370454669}",24 hours,1
"BSES RAJADHANI POWER LIMITED  
office of division head (o&m)
devision - new friends colony , new delhi",110025,3.3 KW,New Delhi,23:59:59,,India,28.556767847845,77.2732276841998,00:00:00,E-Wallet/Card/UPI,Unstaffed,1,BOLT 16A LITE 240V 5A/15A Socket,NILL,BOLT_003373,Revos,Charging,,,"{'latitude': 28.556767847845, 'longitude': 77.2732276841998}",24 hours,1
B 23 Bate 3,110020,3.3 KW,New Delhi,23:59:59,40,India,28.5345767416217,77.2761767730116,00:00:00,E-Wallet/Card/UPI,Unstaffed,1,BOLT 16A LITE 240V 5A/15A Socket,NILL,BOLT_00015099,Revos,Charging,,,"{'latitude': 28.5345767416217, 'longitude': 77.2761767730116}",24 hours,1
Harmony Apartments  Sector 4  pocket 1  Dwarka,110075,3.3 KW,New Delhi,23:59:59,40,India,28.598089321143,77.0506308227777,00:00:00,E-Wallet/Card/UPI,Unstaffed,1,BOLT 16A LITE 240V 5A/15A Socket,NILL,BOLT_00015318,Revos,Charging,,,"{'latitude': 28.598089321143, 'longitude': 77.0506308227777}",24 hours,1
A-88,110020,3.3 KW,New Delhi,23:59:59,40,India,28.534385284078,77.2761687263846,00:00:00,E-Wallet/Card/UPI,Unstaffed,1,BOLT 16A LITE 240V 5A/15A Socket,NILL,BOLT_00015167,Revos,Charging,,,"{'latitude': 28.534385284078, 'longitude': 77.2761687263846}",24 hours,1
"217, Main Chhatarpur Rd",110095,3.3 KW,New Delhi,23:59:59,40,India,28.6844696390207,77.327311746776,00:00:00,E-Wallet/Card/UPI,Unstaffed,1,BOLT 16A LITE 240V 5A/15A Socket,NILL,BOLT_00015198,Revos,Charging,,,"{'latitude': 28.6844696390207, 'longitude': 77.327311746776}",24 hours,1
Shop No. 2 Prop No. C-21 Dilshad Colony,110095,3.3 KW,Delhi,23:59:59,40,India,28.6844040480549,77.3272933065891,00:00:00,E-Wallet/Card/UPI,Unstaffed,1,BOLT 16A LITE 240V 5A/15A Socket,NILL,BOLT_005199,Revos,Charging,,,"{'latitude': 28.6844040480549, 'longitude': 77.3272933065891}",24 hours,1
296 main natura roads ,110044,3.3 KW,New Delhi,23:59:59,40,India,28.5037334550978,77.3005067557096,00:00:00,E-Wallet/Card/UPI,Unstaffed,1,BOLT 16A LITE 240V 5A/15A Socket,NILL,BOLT_00015319,Revos,Charging,,,"{'latitude': 28.5037334550978, 'longitude': 77.3005067557096}",24 hours,1
296 main matura road ,110044,3.3 KW,New Delhi,23:59:59,40,India,28.5036321002745,77.3003424704074,00:00:00,E-Wallet/Card/UPI,Unstaffed,1,BOLT 16A LITE 240V 5A/15A Socket,NILL,BOLT_00015325,Revos,Charging,,,"{'latitude': 28.5036321002745, 'longitude': 77.3003424704074}",24 hours,1
16/ 124 geeta colony ,110031,3.3 KW,Delhi,23:59:59,15,India,28.6472091222168,77.2788861393928,00:00:00,E-Wallet/Card/UPI,Unstaffed,1,BOLT 16A LITE 240V 5A/15A Socket,NILL,BOLT_00015285,Revos,Charging,,,"{'latitude': 28.6472091222168, 'longitude': 77.2788861393928}",24 hours,1
komaki,110037,3.3 KW,New Delhi,23:59:59,45,India,28.5183787926139,77.0819834992289,00:00:00,E-Wallet/Card/UPI,Unstaffed,1,BOLT 16A LITE 240V 5A/15A Socket,NILL,BOLT_005953,Revos,Charging,,,"{'latitude': 28.5183787926139, 'longitude': 77.0819834992289}",24 hours,1
206 jeewan nagar new delhi 110014 near tikona park opp maharani  bagh,110014,3.3 KW,New Delhi,23:59:59,50,India,28.5773511174753,77.2619315609335,00:00:00,E-Wallet/Card/UPI,Unstaffed,1,BOLT 16A LITE 240V 5A/15A Socket,NILL,BOLT_00014713,Revos,Charging,,,"{'latitude': 28.5773511174753, 'longitude': 77.2619315609335}",24 hours,1
206 jeewan nagar new delhi 110014 near tikona park opp maharani  bagh,110014,3.3 KW,New Delhi,23:59:59,50,India,28.5772992977559,77.2617619112134,00:00:00,E-Wallet/Card/UPI,Unstaffed,1,BOLT 16A LITE 240V 5A/15A Socket,NILL,BOLT_00014718,Revos,Charging,,,"{'latitude': 28.5772992977559, 'longitude': 77.2617619112134}",24 hours,1
saidulajaib opp vidya niketan school mb road saket,110044,3.3 KW,New Delhi,23:59:59,50,India,28.5202665408969,77.202801592648,00:00:00,E-Wallet/Card/UPI,Unstaffed,1,BOLT 16A LITE 240V 5A/15A Socket,NILL,BOLT_00014705,Revos,Charging,,,"{'latitude': 28.5202665408969, 'longitude': 77.202801592648}",24 hours,1
ekta bike  scooty spares rashid market patpargang road delhi 51,110051,3.3 KW,New Delhi,23:59:59,40,India,28.6480220886905,77.2793126106262,00:00:00,E-Wallet/Card/UPI,Unstaffed,1,BOLT 16A LITE 240V 5A/15A Socket,NILL,BOLT_001440,Revos,Charging,,,"{'latitude': 28.6480220886905, 'longitude': 77.2793126106262}",24 hours,1
ekta bike  scooty spares rashid market patpargang road delhi 51,110051,3.3 KW,New Delhi,23:59:59,40,India,28.647777875754,77.2792747244238,00:00:00,E-Wallet/Card/UPI,Unstaffed,1,BOLT 16A LITE 240V 5A/15A Socket,NILL,BOLT_00015286,Revos,Charging,,,"{'latitude': 28.647777875754, 'longitude': 77.2792747244238}",24 hours,1
F2 185 main road ratiya Marg sangam vihar,110080,3.3 KW,New Delhi,23:59:59,50,India,28.500237836015,77.2463707253336,00:00:00,E-Wallet/Card/UPI,Unstaffed,1,BOLT 16A LITE 240V 5A/15A Socket,NILL,BOLT_00015313,Revos,Charging,,,"{'latitude': 28.500237836015, 'longitude': 77.2463707253336}",24 hours,1
k19 ,110080,3.3 KW,New Delhi,23:59:59,40,India,28.4982466013604,77.2456059604883,00:00:00,E-Wallet/Card/UPI,Unstaffed,1,BOLT 16A LITE 240V 5A/15A Socket,NILL,BOLT_00015314,Revos,Charging,,,"{'latitude': 28.4982466013604, 'longitude': 77.2456059604883}",24 hours,1
Shop no12 new govind pura bhagat singh road,110051,3.3 KW,New Delhi,23:59:59,50,India,28.6486691031071,77.2814194858074,00:00:00,E-Wallet/Card/UPI,Unstaffed,1,BOLT 16A LITE 240V 5A/15A Socket,NILL,BOLT_00014570,Revos,Charging,,,"{'latitude': 28.6486691031071, 'longitude': 77.2814194858074}",24 hours,1
Shop no12 new govind pura bhagat singh road,110051,3.3 KW,New Delhi,23:59:59,30,India,28.6487100011102,77.2812240198254,00:00:00,E-Wallet/Card/UPI,Unstaffed,1,BOLT 16A LITE 240V 5A/15A Socket,NILL,BOLT_00014700,Revos,Charging,,,"{'latitude': 28.6487100011102, 'longitude': 77.2812240198254}",24 hours,1
6 /154 Geeta Colony Delhi 31,110031,3.3 KW,New Delhi,23:59:59,15,India,28.6542331446229,77.2740987315774,00:00:00,E-Wallet/Card/UPI,Unstaffed,1,BOLT 16A LITE 240V 5A/15A Socket,NILL,BOLT_00015307,Revos,Charging,,,"{'latitude': 28.6542331446229, 'longitude': 77.2740987315774}",24 hours,1
6/154 Geeta Colony ,110031,3.3 KW,New Delhi,23:59:59,15,India,28.6541328173675,77.2741476818919,00:00:00,E-Wallet/Card/UPI,Unstaffed,1,BOLT 16A LITE 240V 5A/15A Socket,NILL,BOLT_00015280,Revos,Charging,,,"{'latitude': 28.6541328173675, 'longitude': 77.2741476818919}",24 hours,1
B147C main Sharma market pheladpur,110044,3.3 KW,New Delhi,23:59:59,40,India,28.499710713481,77.2933147475123,00:00:00,E-Wallet/Card/UPI,Unstaffed,1,BOLT 16A LITE 240V 5A/15A Socket,NILL,BOLT_00015157,Revos,Charging,,,"{'latitude': 28.499710713481, 'longitude': 77.2933147475123}",24 hours,1
D-18/241 main road Brijpuri near Arun morden public school,110094,3.3 KW,Delhi,23:59:59,45,India,28.7068884588629,77.2759836539626,00:00:00,E-Wallet/Card/UPI,Unstaffed,1,BOLT 16A LITE 240V 5A/15A Socket,NILL,BOLT_00014701,Revos,Charging,,,"{'latitude': 28.7068884588629, 'longitude': 77.2759836539626}",24 hours,1
A10 main road chhatarpur gaon ,110074,3.3 KW,New Delhi,23:59:59,50,India,28.5011662606375,77.1830105781555,00:00:00,E-Wallet/Card/UPI,Unstaffed,1,BOLT 16A LITE 240V 5A/15A Socket,NILL,BOLT_00015362,Revos,Charging,,,"{'latitude': 28.5011662606375, 'longitude': 77.1830105781555}",24 hours,1
"NDMC Parking, Khan Market, New Delhi, 110003",110003,15 KW,Delhi,23:59:00,9.5,India,28.600324,77.226883,00:00:00,Payment Gateway/e-Wallet,Unstaffed,1,DC-001,,,EESL,Charging,,,"{'latitude': 28.600324, 'longitude': 77.226883}",00:00:00 - 23:59:00,1
"NDMC Parking, Khan Market, New Delhi, 110003",110003,15 KW,Delhi,23:59:00,9.5,India,28.600324,77.226883,00:00:00,Payment Gateway/e-Wallet,Unstaffed,1,DC-001,,,EESL,Charging,,,"{'latitude': 28.600324, 'longitude': 77.226883}",00:00:00 - 23:59:00,1
"NDMC Parking, Prithviraj Market, Prithviraj Ln, New Delhi, Delhi- 110003",110003,15 KW,Delhi,23:59:00,9.5,India,28.600735,77.226277,00:00:00,Payment Gateway/e-Wallet,Unstaffed,1,DC-001,,,EESL,Charging,,,"{'latitude': 28.600735, 'longitude': 77.226277}",00:00:00 - 23:59:00,1
"NDMC Parking, Outside RWA Park, Jor Bagh Market,  Jor Bagh Colony Road, New Delhi- 110003",110003,15 KW,Delhi,23:59:00,9.5,India,28.588117,77.217564,00:00:00,Payment Gateway/e-Wallet,Unstaffed,1,DC-001,,,EESL,Charging,,,"{'latitude': 28.588117, 'longitude': 77.217564}",00:00:00 - 23:59:00,1
"NDMC Parking, Opposite Goel Opticals, Khanna Market, Aliganj, Lodhi Colony, New Delhi- 110003",110003,15 KW,Delhi,23:59:00,9.5,India,28.580532,77.221048,00:00:00,Payment Gateway/e-Wallet,Unstaffed,1,DC-001,,,EESL,Charging,,,"{'latitude': 28.580532, 'longitude': 77.221048}",00:00:00 - 23:59:00,1
"NDMC Parking, Opposite Dory Pharmacy, Khanna Market, Aliganj, Lodhi Colony, New Delhi- 110003",110003,15 KW,Delhi,23:59:00,9.5,India,28.584365,77.22054,00:00:00,Payment Gateway/e-Wallet,Unstaffed,1,DC-001,,,EESL,Charging,,,"{'latitude': 28.584365, 'longitude': 77.22054}",00:00:00 - 23:59:00,1
"NDMC Parking, Sarojini Nagar Market, Sarojini Nagar, New Delhi- 110023",110023,15 KW,Delhi,23:59:00,9.5,India,28.577259,77.19692,00:00:00,Payment Gateway/e-Wallet,Unstaffed,1,DC-001,,,EESL,Charging,,,"{'latitude': 28.577259, 'longitude': 77.19692}",00:00:00 - 23:59:00,1
"NDMC Parking, Near Bikanervala, Yashwant Place, Chanakyapuri, New Delhi- 110021",110021,15 KW,Delhi,23:59:00,9.5,India,28.585298,77.191008,00:00:00,Payment Gateway/e-Wallet,Unstaffed,1,DC-001,,,EESL,Charging,,,"{'latitude': 28.585298, 'longitude': 77.191008}",00:00:00 - 23:59:00,1
"NDMC Parking, Dharma Marg, Block Y, Diplomatic Enclave, Malcha Market, New Delhi- 110021",110021,15 KW,Delhi,23:59:00,9.5,India,28.601809,77.186432,00:00:00,Payment Gateway/e-Wallet,Unstaffed,1,DC-001,,,EESL,Charging,,,"{'latitude': 28.601809, 'longitude': 77.186432}",00:00:00 - 23:59:00,1
"NDMC Parking, Dharma Marg, Block Y, Diplomatic Enclave, Malcha Market, New Delhi- 110021",110021,15 KW,Delhi,23:59:00,9.5,India,28.601809,77.186432,00:00:00,Payment Gateway/e-Wallet,Unstaffed,1,DC-001,,,EESL,Charging,,,"{'latitude': 28.601809, 'longitude': 77.186432}",00:00:00 - 23:59:00,1
"NDMC Parking, Outside Devinder Collections, Shankar Market, Connaught Place,  New Delhi- 110001",110001,15 KW,Delhi,23:59:00,9.5,India,28.633733,77.22353,00:00:00,Payment Gateway/e-Wallet,Unstaffed,1,DC-001,,,EESL,Charging,,,"{'latitude': 28.633733, 'longitude': 77.22353}",00:00:00 - 23:59:00,1
"NDMC Parking, Opposite HDFC Bank, M- Block,  Connaught Place, New Delhi- 110001",110001,15 KW,Delhi,23:59:00,9.5,India,28.632973,77.222937,00:00:00,Payment Gateway/e-Wallet,Unstaffed,1,DC-001,,,EESL,Charging,,,"{'latitude': 28.632973, 'longitude': 77.222937}",00:00:00 - 23:59:00,1
"NDMC Parking, Near NDMC Office,  Fire Brigade Lane, Barakhamba,  New Delhi- 110001",110001,15 KW,Delhi,23:59:00,9.5,India,28.630256,77.225668,00:00:00,Payment Gateway/e-Wallet,Unstaffed,1,DC-001,,,EESL,Charging,,,"{'latitude': 28.630256, 'longitude': 77.225668}",00:00:00 - 23:59:00,1
"NDMC Parking,  Opposite South Indian Bank, Block E,  RR6, Middle Circle, Connaught Place,  New Delhi- 110001",110001,15 KW,Delhi,23:59:00,9.5,India,28.63363,77.221949,00:00:00,Payment Gateway/e-Wallet,Unstaffed,1,DC-001,,,EESL,Charging,,,"{'latitude': 28.63363, 'longitude': 77.221949}",00:00:00 - 23:59:00,1
"NDMC Parking,  Outside Westend Vedi Tailors, Bock M, Middle Circle, Connaught Place,  New Delhi- 110001",110001,15 KW,Delhi,23:59:00,9.5,India,28.633867,77.22191,00:00:00,Payment Gateway/e-Wallet,Unstaffed,1,DC-001,,,EESL,Charging,,,"{'latitude': 28.633867, 'longitude': 77.22191}",00:00:00 - 23:59:00,1
"NDMC Parking,  Outside Oriental Bank, Radial Road No. 7,  Block M, Middle Circe, Connaught Place,  New Delhi- 110001",110001,15 KW,Delhi,23:59:00,9.5,India,28.6001517,77.2157617,00:00:00,Payment Gateway/e-Wallet,Unstaffed,1,DC-001,,,EESL,Charging,,,"{'latitude': 28.6001517, 'longitude': 77.2157617}",00:00:00 - 23:59:00,1
"NDMC Parking,  Opposite HP Petrol Pump, Block E, RR7, Middle Circle, Connaught Place, New Delhi- 110001",110001,15 KW,Delhi,23:59:00,9.5,India,28.631584,77.2219,00:00:00,Payment Gateway/e-Wallet,Unstaffed,1,DC-001,,,EESL,Charging,,,"{'latitude': 28.631584, 'longitude': 77.2219}",00:00:00 - 23:59:00,1
"NDMC Parking,  Near Ferns n Petals, Near BPCL Petrol Pump,  C Block RR5, Connaught Place,  New Delhi- 110001",110001,15 KW,Delhi,23:59:00,9.5,India,28.634422,77.220852,00:00:00,Payment Gateway/e-Wallet,Unstaffed,1,DC-001,,,EESL,Charging,,,"{'latitude': 28.634422, 'longitude': 77.220852}",00:00:00 - 23:59:00,1
"NDMC Parking,  Outside Iqbal Bros.,  G1, Block G, Connaught Place,  New Delhi- 110001",110001,15 KW,Delhi,23:59:00,9.5,India,28.633841,77.217664,00:00:00,Payment Gateway/e-Wallet,Unstaffed,1,DC-001,,,EESL,Charging,,,"{'latitude': 28.633841, 'longitude': 77.217664}",00:00:00 - 23:59:00,1
"NDMC Parking,  Near Croma, D Block RR5,  Opposite BPCL Petrol Pump,  Connaught Place, New Delhi- 110001",110001,15 KW,Delhi,23:59:00,9.5,India,28.634388,77.221038,00:00:00,Payment Gateway/e-Wallet,Unstaffed,1,DC-001,,,EESL,Charging,,,"{'latitude': 28.634388, 'longitude': 77.221038}",00:00:00 - 23:59:00,1
"NDMC Parking,  Next to PVR Plaza,  H Block RR4, Connaught Place,  New Delhi- 110001",110001,15 KW,Delhi,23:59:00,10,India,28.63491,77.219522,00:00:00,Payment Gateway/e-Wallet,Unstaffed,1,DC-001,,,EESL,Charging,,,"{'latitude': 28.63491, 'longitude': 77.219522}",00:00:00 - 23:59:00,1
"Outside Bharat Sanchar Bhawan, Ashoke Road, Janpath, New Delhi- 110001",110001,15 KW,Delhi,23:59:00,9.5,India,28.621724,77.219286,00:00:00,Payment Gateway/e-Wallet,Unstaffed,1,DC-001,,,EESL,Charging,,,"{'latitude': 28.621724, 'longitude': 77.219286}",00:00:00 - 23:59:00,1
"NDMC Parking,  Outside Jain Bhawan,  Shaheed Bhagat Singh Marg, Gole Market,  New Delhi- 110001",110001,15 KW,Delhi,23:59:00,9.5,India,28.633614,77.207691,00:00:00,Payment Gateway/e-Wallet,Unstaffed,1,DC-001,,,EESL,Charging,,,"{'latitude': 28.633614, 'longitude': 77.207691}",00:00:00 - 23:59:00,1
"NDMC Parking,  Outside Standard Chartered Bank,  Sardar Patel Bhawan, Sansad Marg,  New Delhi- 110001",110001,15 KW,Delhi,23:59:00,9.5,India,28.624419,77.213718,00:00:00,Payment Gateway/e-Wallet,Unstaffed,1,DC-001,,,EESL,Charging,,,"{'latitude': 28.624419, 'longitude': 77.213718}",00:00:00 - 23:59:00,1
"NDMC Parking,  Side of Hotel Claridges,  Tees January Marg,  Dr. APJ Abdul Kalam Road,  New Delhi- 110003",110003,15 KW,Delhi,23:59:00,9.5,India,28.600234,77.2135299,00:00:00,Payment Gateway/e-Wallet,Unstaffed,1,DC-001,,,EESL,Charging,,,"{'latitude': 28.600234, 'longitude': 77.2135299}",00:00:00 - 23:59:00,1
"NDMC Parking,  Back of Hotel Claridges,  Tees January Marg,  Dr. APJ Abdul Kalam Road,  New Delhi- 110003",110003,15 KW,Delhi,23:59:00,9.5,India,28.601118,77.2136033,00:00:00,Payment Gateway/e-Wallet,Unstaffed,1,DC-001,,,EESL,Charging,,,"{'latitude': 28.601118, 'longitude': 77.2136033}",00:00:00 - 23:59:00,1
"NDMC Parking,  Gate No. 1, Lodhi Gardens, Lodhi Estate, Lodhi Road,  New Delhi-  110003",110003,15 KW,Delhi,23:59:00,9.5,India,28.59031055,77.2201632,00:00:00,Payment Gateway/e-Wallet,Unstaffed,1,DC-001,,,EESL,Charging,,,"{'latitude': 28.59031055, 'longitude': 77.2201632}",00:00:00 - 23:59:00,1
"NDMC Parking,  Gate No. 1, Lodhi Gardens, Lodhi Estate, Lodhi Road,  New Delhi-  110003",110003,15 KW,Delhi,23:59:00,9.5,India,28.59031055,77.2201632,00:00:00,Payment Gateway/e-Wallet,Unstaffed,1,DC-001,,,EESL,Charging,,,"{'latitude': 28.59031055, 'longitude': 77.2201632}",00:00:00 - 23:59:00,1
"NDMC Parking,  Charak Palika Hospital, C 7 Lane, Moti Bagh 1, Block F, Moti Bagh, New Delhi- 110021",110021,15 KW,Delhi,23:59:00,9.5,India,28.585367,77.17755,00:00:00,Payment Gateway/e-Wallet,Unstaffed,1,DC-001,,,EESL,Charging,,,"{'latitude': 28.585367, 'longitude': 77.17755}",00:00:00 - 23:59:00,1
"NDMC Parking,  Charak Palika Hospital, C 7 Lane, Moti Bagh 1, Block F, Moti Bagh, New Delhi- 110021",110021,15 KW,Delhi,23:59:00,9.5,India,28.585367,77.17755,00:00:00,Payment Gateway/e-Wallet,Unstaffed,1,DC-001,,,EESL,Charging,,,"{'latitude': 28.585367, 'longitude': 77.17755}",00:00:00 - 23:59:00,1
"NDMC Parking,  Dilli Haat, West Kidwai Nagar,  New Delhi- 110023",110023,15 KW,Delhi,23:59:00,9.5,India,28.572793,77.208662,00:00:00,Payment Gateway/e-Wallet,Unstaffed,1,DC-001,,,EESL,Charging,,,"{'latitude': 28.572793, 'longitude': 77.208662}",00:00:00 - 23:59:00,1
"NDMC Parking,  Akashwani Bhawan,  Sansad Marg Road,  New Delhi- 110001",110001,15 KW,Delhi,23:59:00,9.5,India,28.622656,77.210994,00:00:00,Payment Gateway/e-Wallet,Unstaffed,1,DC-001,,,EESL,Charging,,,"{'latitude': 28.622656, 'longitude': 77.210994}",00:00:00 - 23:59:00,1
"NDMC Parking,  Talkatora Garden,  President Estate,  New Delhi- 110001",110001,15 KW,Delhi,23:59:00,9.5,India,28.62203994,77.19486661,00:00:00,Payment Gateway/e-Wallet,Unstaffed,1,DC-001,,,EESL,Charging,,,"{'latitude': 28.62203994, 'longitude': 77.19486661}",00:00:00 - 23:59:00,1
"NDMC Parking,  Talkatora Garden,  President Estate,  New Delhi- 110001",110001,15 KW,Delhi,23:59:00,9.5,India,28.62203994,77.19486661,00:00:00,Payment Gateway/e-Wallet,Unstaffed,1,DC-001,,,EESL,Charging,,,"{'latitude': 28.62203994, 'longitude': 77.19486661}",00:00:00 - 23:59:00,1
"Palika Maternity Hospital, Block 11, Lodhi Colony, Near Khanna Market, New Delhi 110003",110003,15 KW,Delhi,23:59:00,9.5,India,28.583518,77.222057,00:00:00,Payment Gateway/e-Wallet,Unstaffed,1,DC-001,,,EESL,Charging,,,"{'latitude': 28.583518, 'longitude': 77.222057}",00:00:00 - 23:59:00,1
"PSOI Club, Chanakyapuri, New Delhi 110021",110021,15 KW,Delhi,23:59:00,9.5,India,28.586638,77.193352,00:00:00,Payment Gateway/e-Wallet,Unstaffed,1,DC-001,,,EESL,Charging,,,"{'latitude': 28.586638, 'longitude': 77.193352}",00:00:00 - 23:59:00,1
"PSOI Club, Chanakyapuri, New Delhi 110021",110021,15 KW,Delhi,23:59:00,9.5,India,28.586638,77.193352,00:00:00,Payment Gateway/e-Wallet,Unstaffed,1,DC-001,,,EESL,Charging,,,"{'latitude': 28.586638, 'longitude': 77.193352}",00:00:00 - 23:59:00,1
"Outside Chelmsford Club/ Opposite CSIR Building, Rafi Marg, Sansad Marg Area, New Delhi 110001",110001,15 KW,Delhi,23:59:00,9.5,India,28.61817712,77.21258998,00:00:00,Payment Gateway/e-Wallet,Unstaffed,1,DC-001,,,EESL,Charging,,,"{'latitude': 28.61817712, 'longitude': 77.21258998}",00:00:00 - 23:59:00,1
"Outside Chelmsford Club/ Opposite CSIR Building, Rafi Marg, Sansad Marg Area, New Delhi 110001",110001,15 KW,Delhi,23:59:00,9.5,India,28.61817712,77.21258998,00:00:00,Payment Gateway/e-Wallet,Unstaffed,1,DC-001,,,EESL,Charging,,,"{'latitude': 28.61817712, 'longitude': 77.21258998}",00:00:00 - 23:59:00,1
"Opposite IVORY Mart, F Block, Inner Circle, Connaught Place, New Delhi 110001",110001,15 KW,Delhi,23:59:00,9.5,India,28.63388,77.221078,00:00:00,Payment Gateway/e-Wallet,Unstaffed,1,DC-001,,,EESL,Charging,,,"{'latitude': 28.63388, 'longitude': 77.221078}",00:00:00 - 23:59:00,1
"Near Snow White, Block D, Inner Circle, Connaught Place, New Delhi 110001",110001,15 KW,Delhi,23:59:00,9.5,India,28.63388,77.221078,00:00:00,Payment Gateway/e-Wallet,Unstaffed,1,DC-001,,,EESL,Charging,,,"{'latitude': 28.63388, 'longitude': 77.221078}",00:00:00 - 23:59:00,1
"Outside Van Heusen Showroom, Block C, Inner Circle, Connaught Place, New Delhi 110001",110001,15 KW,Delhi,23:59:00,9.5,India,28.634137,77.220382,00:00:00,Payment Gateway/e-Wallet,Unstaffed,1,DC-001,,,EESL,Charging,,,"{'latitude': 28.634137, 'longitude': 77.220382}",00:00:00 - 23:59:00,1
"Opposite ICICI Bank, Janpath, New Delhi",110001,15 KW,Delhi,23:59:00,9.5,India,28.628528,77.21946,00:00:00,Payment Gateway/e-Wallet,Unstaffed,1,DC-001,,,EESL,Charging,,,"{'latitude': 28.628528, 'longitude': 77.21946}",00:00:00 - 23:59:00,1
"Near Woodland Showroom, Block B, Inner Circle, Connaught Place, New Delhi 110001",110001,15 KW,Delhi,23:59:00,9.5,India,28.634371,77.2195,00:00:00,Payment Gateway/e-Wallet,Unstaffed,1,DC-001,,,EESL,Charging,,,"{'latitude': 28.634371, 'longitude': 77.2195}",00:00:00 - 23:59:00,1
"Near ICICI Bank/Metro Gate No. 7 & 8, Block A, Inner Circle, Connaught Place, New Delhi 110001",110001,15 KW,Delhi,23:59:00,9.5,India,28.63242,77.218068,00:00:00,Payment Gateway/e-Wallet,Unstaffed,1,DC-001,,,EESL,Charging,,,"{'latitude': 28.63242, 'longitude': 77.218068}",00:00:00 - 23:59:00,1
"Gopal Das Building, Barakhamba Road, Connaught Lane, Barakhamba, New Delhi110001",110001,15 KW,Delhi,23:59:00,9.5,India,28.631121,77.221654,00:00:00,Payment Gateway/e-Wallet,Unstaffed,1,DC-001,,,EESL,Charging,,,"{'latitude': 28.631121, 'longitude': 77.221654}",00:00:00 - 23:59:00,1
"ICCI, FICCI Chowk, Mandi House, Todermal Road Area, Mandi House, New Delhi110001",110001,15 KW,Delhi,23:59:00,9.5,India,28.626695,77.231943,00:00:00,Payment Gateway/e-Wallet,Unstaffed,1,DC-001,,,EESL,Charging,,,"{'latitude': 28.626695, 'longitude': 77.231943}",00:00:00 - 23:59:00,1
"Press Club of India, 1, Raisina Road, Windsor Place, New Delhi110001",110001,15 KW,Delhi,23:59:00,9.5,India,28.617517,77.213919,00:00:00,Payment Gateway/e-Wallet,Unstaffed,1,DC-001,,,EESL,Charging,,,"{'latitude': 28.617517, 'longitude': 77.213919}",00:00:00 - 23:59:00,1
"Laxmi Bai Market, Safderjung Flyover, New Delhi",110001,15 KW,Delhi,23:59:00,9.5,India,28.577999,77.209521,00:00:00,Payment Gateway/e-Wallet,Unstaffed,1,DC-001,,,EESL,Charging,,,"{'latitude': 28.577999, 'longitude': 77.209521}",00:00:00 - 23:59:00,1
"Opposite Fab India, Janpath Rd, Atul Grove Road, Janpath, Connaught Place, New Delhi",110001,15 KW,Delhi,23:59:00,9.5,India,28.627546,77.219769,00:00:00,Payment Gateway/e-Wallet,Unstaffed,1,DC-001,,,EESL,Charging,,,"{'latitude': 28.627546, 'longitude': 77.219769}",00:00:00 - 23:59:00,1
Talkatora Stadium Presidents Estate New Delhi 110004,110004,15 KW,Delhi,23:59:00,9.5,India,28.62575342,77.19453,00:00:00,Payment Gateway/e-Wallet,Unstaffed,1,DC-001,,,EESL,Charging,,,"{'latitude': 28.62575342, 'longitude': 77.19453}",00:00:00 - 23:59:00,1
Talkatora Stadium Presidents Estate New Delhi 110004,110004,15 KW,Delhi,23:59:00,9.5,India,28.62575342,77.19453,00:00:00,Payment Gateway/e-Wallet,Unstaffed,1,DC-001,,,EESL,Charging,,,"{'latitude': 28.62575342, 'longitude': 77.19453}",00:00:00 - 23:59:00,1
"Outside UCO Bank, Block H, RR3, Connaught Place, New Delhi",110001,15 KW,Delhi,23:59:00,9.5,India,28.63407,77.217683,00:00:00,Payment Gateway/e-Wallet,Unstaffed,1,DC-001,,,EESL,Charging,,,"{'latitude': 28.63407, 'longitude': 77.217683}",00:00:00 - 23:59:00,1
"Yashwant Place, Chanakyapuri, New Delhi- 110021",110021,15 KW,Delhi,23:59:00,9.5,India,28.585492,77.191634,00:00:00,Payment Gateway/e-Wallet,Unstaffed,1,DC-001,,,EESL,Charging,,,"{'latitude': 28.585492, 'longitude': 77.191634}",00:00:00 - 23:59:00,1
"Block N, Greater Kailash I, Greater Kailash, New Delhi, Delhi",110048,15 KW,Delhi,23:59:00,9.5,India,28.55667773,77.2326006,00:00:00,Payment Gateway/e-Wallet,Unstaffed,1,DC-001,,,EESL,Charging,,,"{'latitude': 28.55667773, 'longitude': 77.2326006}",00:00:00 - 23:59:00,1
"SDMC Parking, B6, Safderjung Enclave",110016,15 KW,Delhi,23:59:00,10,India,28.558938,77.19631,00:00:00,Payment Gateway/e-Wallet,Unstaffed,1,DC-001,,,EESL,Charging,,,"{'latitude': 28.558938, 'longitude': 77.19631}",00:00:00 - 23:59:00,1
"SDMC Parking, SDA Market, Hauz Khas, New Delhi, Delhi 110016",110016,15 KW,Delhi,23:59:00,10,India,28.546273,77.19711,00:00:00,Payment Gateway/e-Wallet,Unstaffed,1,DC-001,,,EESL,Charging,,,"{'latitude': 28.546273, 'longitude': 77.19711}",00:00:00 - 23:59:00,1
"SDMC Parking, SDA Market, Hauz Khas, New Delhi, Delhi 110016",110016,3.3 KW,Delhi,23:59:00,10,India,28.546273,77.19711,00:00:00,Payment Gateway/e-Wallet,Unstaffed,1,BEVC-AC001,,,EESL,Charging,,,"{'latitude': 28.546273, 'longitude': 77.19711}",00:00:00 - 23:59:00,1
"SDMC Parking, SDA Market, Hauz Khas, New Delhi, Delhi 110016",110016,3.3 KW,Delhi,23:59:00,10,India,28.546273,77.19711,00:00:00,Payment Gateway/e-Wallet,Unstaffed,1,BEVC-AC001,,,EESL,Charging,,,"{'latitude': 28.546273, 'longitude': 77.19711}",00:00:00 - 23:59:00,1
"SDMC Parking, SDA Market, Hauz Khas, New Delhi, Delhi 110016",110016,3.3 KW,Delhi,23:59:00,10,India,28.546273,77.19711,00:00:00,Payment Gateway/e-Wallet,Unstaffed,1,BEVC-AC001,,,EESL,Charging,,,"{'latitude': 28.546273, 'longitude': 77.19711}",00:00:00 - 23:59:00,1
"SDMC Parking, Aurbindo Market Place,Hauz Khas, New Delhi, Delhi 110016",110016,15 KW,Delhi,23:59:00,10,India,28.55205918,77.20325422,00:00:00,Payment Gateway/e-Wallet,Unstaffed,1,DC-001,,,EESL,Charging,,,"{'latitude': 28.55205918, 'longitude': 77.20325422}",00:00:00 - 23:59:00,1
"SDMC Parking, R Block, GK-1, DELHI-110016",110016,15 KW,Delhi,23:59:00,10,India,28.547217,77.244324,00:00:00,Payment Gateway/e-Wallet,Unstaffed,1,DC-001,,,EESL,Charging,,,"{'latitude': 28.547217, 'longitude': 77.244324}",00:00:00 - 23:59:00,1
"SDMC Parking, R Block, GK-1, DELHI-110016",110016,3.3 KW,Delhi,23:59:00,10,India,28.547217,77.244324,00:00:00,Payment Gateway/e-Wallet,Unstaffed,1,BEVC-AC001,,,EESL,Charging,,,"{'latitude': 28.547217, 'longitude': 77.244324}",00:00:00 - 23:59:00,1
"SDMC Parking, R Block, GK-1, DELHI-110016",110016,3.3 KW,Delhi,23:59:00,10,India,28.547217,77.244324,00:00:00,Payment Gateway/e-Wallet,Unstaffed,1,BEVC-AC001,,,EESL,Charging,,,"{'latitude': 28.547217, 'longitude': 77.244324}",00:00:00 - 23:59:00,1
"SDMC Parking, R Block, GK-1, DELHI-110016",110016,3.3 KW,Delhi,23:59:00,10,India,28.547217,77.244324,00:00:00,Payment Gateway/e-Wallet,Unstaffed,1,BEVC-AC001,,,EESL,Charging,,,"{'latitude': 28.547217, 'longitude': 77.244324}",00:00:00 - 23:59:00,1
"SDMC Parking, Main Market Malviya Nagar, New Delhi",110017,15 KW,Delhi,23:59:00,10,India,28.531006,77.208693,00:00:00,Payment Gateway/e-Wallet,Unstaffed,1,DC-001,,,EESL,Charging,,,"{'latitude': 28.531006, 'longitude': 77.208693}",00:00:00 - 23:59:00,1
"SDMC Parking, Main Market Malviya Nagar, New Delhi",110017,15 KW,Delhi,23:59:00,10,India,28.531006,77.208693,00:00:00,Payment Gateway/e-Wallet,Unstaffed,1,DC-001,,,EESL,Charging,,,"{'latitude': 28.531006, 'longitude': 77.208693}",00:00:00 - 23:59:00,1
"SDMC Parking, Near Gold Gym, PVR Priya, Vasant Vihar, New Delhi",110057,15 KW,Delhi,23:59:00,10,India,28.558244,77.16444,00:00:00,Payment Gateway/e-Wallet,Unstaffed,1,DC-001,,,EESL,Charging,,,"{'latitude': 28.558244, 'longitude': 77.16444}",00:00:00 - 23:59:00,1
"SDMC Parking, Near Gold Gym, PVR Priya, Vasant Vihar, New Delhi",110057,15 KW,Delhi,23:59:00,10,India,28.558244,77.16444,00:00:00,Payment Gateway/e-Wallet,Unstaffed,1,DC-001,,,EESL,Charging,,,"{'latitude': 28.558244, 'longitude': 77.16444}",00:00:00 - 23:59:00,1
"SDMC Parking, Feroze Gandhi Road, Lajpat Nagar, New Delhi",110024,15 KW,Delhi,23:59:00,10,India,28.56793,77.242612,00:00:00,Payment Gateway/e-Wallet,Unstaffed,1,DC-001,,,EESL,Charging,,,"{'latitude': 28.56793, 'longitude': 77.242612}",00:00:00 - 23:59:00,1
"Double Story Market, Maherchand Lodhi Road, New Delhi - 110003",110003,15 KW,Delhi,23:59:00,10,India,28.58107736,77.22719863,00:00:00,Payment Gateway/e-Wallet,Unstaffed,1,DC-001,,,EESL,Charging,,,"{'latitude': 28.58107736, 'longitude': 77.22719863}",00:00:00 - 23:59:00,1
"SDMC Parking, Veer Savarkar Marg Lajpat Nagar, New Delhi - 110024",110024,15 KW,Delhi,23:59:00,10,India,28.569119,77.244011,00:00:00,Payment Gateway/e-Wallet,Unstaffed,1,DC-001,,,EESL,Charging,,,"{'latitude': 28.569119, 'longitude': 77.244011}",00:00:00 - 23:59:00,1
"EESL, Hauz Khas Village, SDMC Parking, New Delhi",110016,15 KW,Delhi,23:59:00,10,India,28.55446993,77.19563012,00:00:00,Payment Gateway/e-Wallet,Unstaffed,1,DC-001,,,EESL,Charging,,,"{'latitude': 28.55446993, 'longitude': 77.19563012}",00:00:00 - 23:59:00,1
"Eros Corporate Tower, Parking Level 6, Nehru Place",110019,15 kW,Delhi,23:59:00,12,India,28.5505606169718,77.2516973879642,,,Staffed,36,BEVC DC 001,,,Blusmart,Charging,,,"{'latitude': 28.5505606169718, 'longitude': 77.2516973879642}", - 23:59:00,36
"Vasant Square Mall, Basement 2, Vasant Kunj",110070,15 kW,Delhi,23:59:00,12,India,28.5251032131293,77.1565795921103,,,Staffed,18,BEVC DC 001,,,Blusmart,Charging,,,"{'latitude': 28.5251032131293, 'longitude': 77.1565795921103}", - 23:59:00,18
"Farm House -24 Kapashera Estate, Kapashera",110097,15 kW,Delhi,23:59:00,12,India,28.5229164944631,77.0890678417782,,,Staffed,26,BEVC DC 001,,,Blusmart,Charging,,,"{'latitude': 28.5229164944631, 'longitude': 77.0890678417782}", - 23:59:00,26
"MLCP, Terminal 3, IGIA",110037,15 kW,Delhi,23:59:00,12,India,28.5548755771398,77.0882809833185,,,Staffed,10,BEVC DC 001,,,Blusmart,Charging,,,"{'latitude': 28.5548755771398, 'longitude': 77.0882809833185}", - 23:59:00,10
NDSE Grid - South Ext,110049,15 kW,Delhi,23:59:00,12,India,28.5681203412086,77.2199439691884,,,Unstaffed,2,BEVC DC 001,,,Blusmart,Charging,,,"{'latitude': 28.5681203412086, 'longitude': 77.2199439691884}", - 23:59:00,2
"BSES Bhawan, Nehru Place",110019,15 kW,Delhi,23:59:00,12,India,28.5496742373089,77.2546128121537,,,Unstaffed,1,BEVC DC 001,,,Blusmart,Charging,,,"{'latitude': 28.5496742373089, 'longitude': 77.2546128121537}", - 23:59:00,1
"Reliance Mall, Sec 13, Dwarka",110075,15 kW,Delhi,23:59:00,12,India,28.5982349605383,77.0335573526397,,,Staffed,34,BEVC DC 001,,,Blusmart,Charging,,,"{'latitude': 28.5982349605383, 'longitude': 77.0335573526397}", - 23:59:00,34
"Reliance Mall, Sec 13, Dwarka",110075,30 KW,Delhi,23:59:00,12,India,28.5982349605383,77.0335573526397,,,Staffed,2,CCS Type 2 DC Charger,,,Blusmart,Charging,,,"{'latitude': 28.5982349605383, 'longitude': 77.0335573526397}", - 23:59:00,2
"B 102, Panchsheel Vihar, near Apj School, Sheikh Sarai Phase 1, Sheikh Sarai, New Delhi, Delhi 110017",110017,7,Delhi,23:59:00,15,India,28.5360962,77.2231022,00:00:00,"Debit Card, Credit Card, BHIM/UPI, NetBanking, Wallet",unstaffed,1,TYPE - 2,Nil,61689652883624,EFILL,Charging,,,"{'latitude': 28.5360962, 'longitude': 77.2231022}",00:00:00 - 23:59:00,1
"Near MRL school Prakash Vihar, Karawal Nagar, Delhi, 110094",110094,7,Delhi,1900-01-01 23:59:00,15,India,28.73396,77.26943,00:00:00,"Debit Card, Credit Card, BHIM/UPI, NetBanking, Wallet",unstaffed,1,TYPE - 2,Nil,29461772097192,EFILL,Charging,,,"{'latitude': 28.73396, 'longitude': 77.26943}",00:00:00 - 1900-01-01 23:59:00,1
"Plot No 550, Gali Number D-18 Chhatarpur Pahari, Main 100 Feet Rd, New Delhi, Delhi 110074",110074,7,Delhi,1900-01-02 23:59:00,15,India,28.5079196,77.1850728,00:00:00,"Debit Card, Credit Card, BHIM/UPI, NetBanking, Wallet",unstaffed,1,TYPE - 2,Nil,61060063997737,EFILL,Charging,,,"{'latitude': 28.5079196, 'longitude': 77.1850728}",00:00:00 - 1900-01-02 23:59:00,1
"D-99, Sector-5, DISIDC Bawana Industrial Area, Delhi-110039",110039,7,Delhi,1900-01-03 23:59:00,15,India,28.7981025,77.080616,00:00:00,"Debit Card, Credit Card, BHIM/UPI, NetBanking, Wallet",unstaffed,1,TYPE - 2,Nil,29461793276823,EFILL,Charging,,,"{'latitude': 28.7981025, 'longitude': 77.080616}",00:00:00 - 1900-01-03 23:59:00,1
"NH-58, Khanupur , Mansurpur, Muzaffarnagar- 251203",251203,7,Delhi,1900-01-04 23:59:00,15,India,29.3478,77.71449,00:00:00,"Debit Card, Credit Card, BHIM/UPI, NetBanking, Wallet",unstaffed,1,TYPE - 2,Nil,29461983276860,EFILL,Charging,,,"{'latitude': 29.3478, 'longitude': 77.71449}",00:00:00 - 1900-01-04 23:59:00,1
"Police Station, B-80, Maya Puri Industrial Area Phase-1, Behind Maya Puri, New Delhi- 110064",110064,7,Delhi,1900-01-05 23:59:00,15,India,28.6260376,77.1221717,00:00:00,"Debit Card, Credit Card, BHIM/UPI, NetBanking, Wallet",unstaffed,1,TYPE - 2,Nil,84702783670075,EFILL,Charging,,,"{'latitude': 28.6260376, 'longitude': 77.1221717}",00:00:00 - 1900-01-05 23:59:00,1
" E-127, near RYAN SECHOOL, Prahlad Vihar, Sector 25, Rohini, Delhi, 110042",110042,7,Delhi,1900-01-06 23:59:00,15,India,28.7378801,77.0899587,00:00:00,"Debit Card, Credit Card, BHIM/UPI, NetBanking, Wallet",unstaffed,1,TYPE - 2,Nil,61689703604518,EFILL,Charging,,,"{'latitude': 28.7378801, 'longitude': 77.0899587}",00:00:00 - 1900-01-06 23:59:00,1
"Plot No.4, Opp Kanishka Farm, Near Rama Vihar Bus stand Main Kanjhawala Road, Delhi -110081",110081,7,Delhi,1900-01-07 23:59:00,15,India,28.72842,77.04717,00:00:00,"Debit Card, Credit Card, BHIM/UPI, NetBanking, Wallet",unstaffed,1,TYPE - 2,Nil,29461822359334,EFILL,Charging,,,"{'latitude': 28.72842, 'longitude': 77.04717}",00:00:00 - 1900-01-07 23:59:00,1
"Shop No.5, Lucknow Rd, Opp. Allahabad Bank, Banarsi Das Estate, Timarpur, Delhi-110054",110054,7,Delhi,1900-01-07 23:59:00,15,India,28.6971921,77.2166152,00:00:00,"Debit Card, Credit Card, BHIM/UPI, NetBanking, Wallet",unstaffed,1,TYPE - 2,Nil,29461774194344,EFILL,Charging,,,"{'latitude': 28.6971921, 'longitude': 77.2166152}",00:00:00 - 1900-01-07 23:59:00,1
"3/6, Shahdra GT Road nearby HP Petrol Pump, Delhi-110034",110034,7,Delhi,1900-01-07 23:59:00,15,India,28.6754883,77.2917404,00:00:00,"Debit Card, Credit Card, BHIM/UPI, NetBanking, Wallet",unstaffed,1,TYPE - 2,Nil,61689622490417,EFILL,Charging,,,"{'latitude': 28.6754883, 'longitude': 77.2917404}",00:00:00 - 1900-01-07 23:59:00,1
"B-193, Gali No.-16, Khajoori khas, North East Delhi, Delhi-110094",110094,7,Delhi,1900-01-07 23:59:00,15,India,28.708321,77.258086,00:00:00,"Debit Card, Credit Card, BHIM/UPI, NetBanking, Wallet",unstaffed,1,TYPE - 2,Nil,84702782555962,EFILL,Charging,,,"{'latitude': 28.708321, 'longitude': 77.258086}",00:00:00 - 1900-01-07 23:59:00,1
"AW-115, Sanjay Gandhi Transport Nagar, Delhi -110042",110042,7,Delhi,1900-01-07 23:59:00,15,India,28.739014,77.1493044,00:00:00,"Debit Card, Credit Card, BHIM/UPI, NetBanking, Wallet",unstaffed,1,TYPE - 2,Nil,61689682424890,EFILL,Charging,,,"{'latitude': 28.739014, 'longitude': 77.1493044}",00:00:00 - 1900-01-07 23:59:00,1
"C 14, Plot No 65, Sma, Jahangirpuri Industrial Area, Azadpur, New Delhi, Delhi 110033",110033,7,Delhi,1900-01-07 23:59:00,15,India,28.726506,77.1583246,00:00:00,"Debit Card, Credit Card, BHIM/UPI, NetBanking, Wallet",unstaffed,1,TYPE - 2,Nil,29461821769525,EFILL,Charging,,,"{'latitude': 28.726506, 'longitude': 77.1583246}",00:00:00 - 1900-01-07 23:59:00,1
"A-38, DSIIDC, Bawana Industrial Area, Sec-5",110039,7,Delhi,1900-01-07 23:59:00,15,India,28.7926999,77.0727241,00:00:00,"Debit Card, Credit Card, BHIM/UPI, NetBanking, Wallet",unstaffed,1,TYPE - 2,Nil,61689703211302,EFILL,Charging,,,"{'latitude': 28.7926999, 'longitude': 77.0727241}",00:00:00 - 1900-01-07 23:59:00,1
"Akash Ganga Apartment, Pocket-4, Rohini Sector-24",110085,7,Delhi,1900-01-07 23:59:00,15,India,28.7264561,77.0834144,00:00:00,"Debit Card, Credit Card, BHIM/UPI, NetBanking, Wallet",unstaffed,1,TYPE - 2,Nil,29461772621479,EFILL,Charging,,,"{'latitude': 28.7264561, 'longitude': 77.0834144}",00:00:00 - 1900-01-07 23:59:00,1
"E-1/17A Palam Ext Near Vardhman Mall, Sector 7 Dwarka, New Delhi, Delhi 110075",110075,7,Delhi,1900-01-07 23:59:00,15,India,28.5841269,77.0719511,00:00:00,"Debit Card, Credit Card, BHIM/UPI, NetBanking, Wallet",unstaffed,1,TYPE - 2,Nil,29461982490429,EFILL,Charging,,,"{'latitude': 28.5841269, 'longitude': 77.0719511}",00:00:00 - 1900-01-07 23:59:00,1
"RZ-37, Raghu Nagar Pankha Road",110045,7,Delhi,1900-01-07 23:59:00,15,India,28.61175,77.05972,00:00:00,"Debit Card, Credit Card, BHIM/UPI, NetBanking, Wallet",unstaffed,1,TYPE - 2,Nil,29461803735597,EFILL,Charging,,,"{'latitude': 28.61175, 'longitude': 77.05972}",00:00:00 - 1900-01-07 23:59:00,1
"16/16, New Rohtak Road, Karol Bagh, Near Ingah Telephone Exchange, Karol Bagh, New Delhi, Delhi 110005",110005,7,Delhi,1900-01-07 23:59:00,15,India,28.6539425,77.2017582,00:00:00,"Debit Card, Credit Card, BHIM/UPI, NetBanking, Wallet",unstaffed,1,TYPE - 2,Nil,29461983473467,EFILL,Charging,,,"{'latitude': 28.6539425, 'longitude': 77.2017582}",00:00:00 - 1900-01-07 23:59:00,1
"A1/2, Britannia Rd, A1 Block, Block A1, Keshav Puram, Tri Nagar, Delhi, 110035",110035,2.2,Delhi,1900-01-07 23:59:00,15,India,28.6816184,77.1548718,00:00:00,"Debit Card, Credit Card, BHIM/UPI, NetBanking, Wallet",unstaffed,1,BHARAT-AC001,Nil,EFILLAC001_00003,EFILL,Charging,,,"{'latitude': 28.6816184, 'longitude': 77.1548718}",00:00:00 - 1900-01-07 23:59:00,1
"Address:27/1, Rajapur, Pocket 27/1, Sector 9, Rohini, Delhi, 110085",110085,7,Delhi,1900-01-07 23:59:00,15,India,28.712543,77.123276,00:00:00,"Debit Card, Credit Card, BHIM/UPI, NetBanking, Wallet",unstaffed,1,TYPE - 2,Nil,29461832490400,EFILL,Charging,,,"{'latitude': 28.712543, 'longitude': 77.123276}",00:00:00 - 1900-01-07 23:59:00,1
"NDSE Grid, BRPL South Extension -110049",110049,15 kW,Delhi,23:59:59,NA,India,28.568238,77.219666,00:00:00,"Card, E-Wallet, UPI",Unstaffed,2,BEVC DC 001,S12,,GensolCharge Pvt. Ltd.,Charging,,,"{'latitude': 28.568238, 'longitude': 77.219666}",24 hours,2
Scada office kalka ji,110019,3.3 kW,Delhi,23:59:59,NA,India,28.541995,77.260583,00:00:00,E-Wallet,Unstaffed,3,BEVC AC 001,S14,,REIL,Charging,,,"{'latitude': 28.541995, 'longitude': 77.260583}",24 hours,3
Ashram Chowk Mathura Road,110014,15 kW,Delhi,23:59:59,NA,India,28.571189,77.259806,00:00:00,E-Wallet,Unstaffed,2,BEVC DC 001,S15,,REIL,Charging,,,"{'latitude': 28.571189, 'longitude': 77.259806}",24 hours,2
Nizamuddin Railway station,110013,15 kW,Delhi,23:59:59,NA,India,28.588991,77.25324,00:00:00,Cash/E-Wallet,Unstaffed,4,BEVC DC 001,S16,,REIL,Charging,,,"{'latitude': 28.588991, 'longitude': 77.25324}",24 hours,4
Uttam Nagar East metro station,110059,3.3 kW,Delhi,23:59:59,NA,India,28.626722,77.065972,00:00:00,E-Wallet,Staffed,20,BEVC AC 001,S18,,Smart E,Charging,,,"{'latitude': 28.626722, 'longitude': 77.065972}",24 hours,20
"Mukteshwar dham Andheriya bagh,mehrauli",110030,15 kW,Delhi,23:59:59,NA,India,28.510291,77.171653,00:00:00,Cash/E-Wallet,Unstaffed,7,BEVC DC 001,S19,,EEE,Charging,,,"{'latitude': 28.510291, 'longitude': 77.171653}",24 hours,7
"Mukteshwar dham Andheriya bagh,mehrauli",110030,3.3 kW,Delhi,23:59:59,NA,India,28.510291,77.171653,00:00:00,Cash/E-Wallet,Unstaffed,12,BEVC AC 001,S19,,EEE,Charging,,,"{'latitude': 28.510291, 'longitude': 77.171653}",24 hours,12
"HP Pump, ground floor, Mahipal pur-Gurgoan road NH-8, Mahipal pur, delhi 110037",110037,15 kW,Delhi,23:59:59,NA,India,28.544785,77.121449,00:00:00,E-Wallet,Staffed,1,BEVC DC 001,S28,,HPCL,Charging,,,"{'latitude': 28.544785, 'longitude': 77.121449}",24 hours,1
"New Delhi Railway Station, Pahar Ganj",110092,15 kW,Delhi,23:59:59,NA,India,28.6453,77.2126,00:00:00,E-wallet,Unstaffed,2,BEVC DC 001,S30,,BSES,Charging,,,"{'latitude': 28.6453, 'longitude': 77.2126}",24 hours,2
"New Delhi Railway Station, Ajmeri Gate",110002,15 kW,Delhi,23:59:59,NA,India,28.6427,77.2247,00:00:00,E-wallet,Unstaffed,4,BEVC DC 001,S31,,BSES,Charging,,,"{'latitude': 28.6427, 'longitude': 77.2247}",24 hours,4
Anand Vihar Railway Station,110092,15 kW,Delhi,23:59:59,NA,India,28.6471,77.3158,00:00:00,E-wallet,Unstaffed,4,BEVC DC 001,S32,,BSES,Charging,,,"{'latitude': 28.6471, 'longitude': 77.3158}",24 hours,4
"KHOSLA CAPITAL SOLUTIONS (P) LTD, Cross River Mall",110092,15 kW,Delhi,20:00:00,NA,India,28.6573,77.3024,10:00:00,E-wallet,Staffed,1,BEVC DC 001,S33,,BSES,Charging,,,"{'latitude': 28.6573, 'longitude': 77.3024}",10:00:00 - 20:00:00,1
"KHOSLA CAPITAL SOLUTIONS (P) LTD, Cross River Mall",110092,22 kW,Delhi,20:00:00,NA,India,28.6573,77.3024,10:00:00,E-wallet,Staffed,4,AC Type 2,S33,,BSES,Charging,,,"{'latitude': 28.6573, 'longitude': 77.3024}",10:00:00 - 20:00:00,4
"Shakti Kiran Building, Karkardooma",110092,15 kW,Delhi,23:59:59,NA,India,28.6553,77.2979,00:00:00,E-wallet,Unstaffed,1,BEVC DC 001,S34,,BSES,Charging,,,"{'latitude': 28.6553, 'longitude': 77.2979}",24 hours,1
"Shakti Kiran Building, Karkardooma",110092,22 kW,Delhi,23:59:59,NA,India,28.6553,77.2979,00:00:00,E-wallet,Unstaffed,1,AC Type 2,S35,,BSES,Charging,,,"{'latitude': 28.6553, 'longitude': 77.2979}",24 hours,1
"Shakti Kiran Building, CBD-II Grid, Karkardooma",110092,3.3 kW,Delhi,23:59:59,NA,India,28.6553,77.2979,00:00:00,E-wallet,Unstaffed,3,BEVC AC 001,S36,,BSES,Charging,,,"{'latitude': 28.6553, 'longitude': 77.2979}",24 hours,3
"Shakti Kiran Building, MTNL CBD Grid, Karkardooma",110092,3.3 kW,Delhi,23:59:59,NA,India,28.6553,77.2979,00:00:00,E-wallet,Unstaffed,3,BEVC AC 001,S37,,BSES,Charging,,,"{'latitude': 28.6553, 'longitude': 77.2979}",24 hours,3
"Plug & Go, Near Swati Appt, Narwana Road, Patparganj",110092,15 kW,Delhi,20:00:00,NA,India,28.6215,77.2935,08:00:00,Online through App (e-wallets),Staffed,2,BEVC DC 001,S38,,PlugNgo,Charging,,,"{'latitude': 28.6215, 'longitude': 77.2935}",08:00:00 - 20:00:00,2
"Plug & Go, Near Swati Appt, Narwana Road, Patparganj",110092,142 kW,Delhi,20:00:00,NA,India,28.6215,77.2935,08:00:00,Online through App (e-wallets),Staffed,1,CCS2/CHADEMO/TYPE 2 AC,S38,,PlugNgo,Charging,,,"{'latitude': 28.6215, 'longitude': 77.2935}",08:00:00 - 20:00:00,1
"Block B, No. 57, Rama Road, Motinagar",110015,50 kW,Delhi,23:59:59,NA,India,28.6605745,77.1532531,00:00:00,"Card, E-Wallet, UPI",Unstaffed,1,CCS/ CHAdeMO,S39,,TPDDL,Charging,,,"{'latitude': 28.6605745, 'longitude': 77.1532531}",24 hours,1
KINGSWAY CAMP,110009,15 kW,Delhi,23:59:59,NA,India,28.6965847,77.2116941,00:00:00,"Card, E-Wallet, UPI",Unstaffed,1,BEVC DC 001,S40,,TPDDL,Charging,,,"{'latitude': 28.6965847, 'longitude': 77.2116941}",24 hours,1
"L 73, Chanakya Place, Part 2, New Delhi - 110059",110059,48,New Delhi,22:00:00,,India,28.6107,77.0765,06:00:00,Cash/UPI,Staffed,24,,,,Battery Smart,Battery swapping,8055300400,Osho E Rickshaw Charging Point,"{'latitude': 28.6107, 'longitude': 77.0765}",06:00:00 - 22:00:00,24
"19B, Pocket B, Hari Nagar, New Delhi - 110064",110064,8,New Delhi,18:00:00,,India,28.6277,77.1066,08:00:00,Cash/UPI,Staffed,4,,,,Battery Smart,Battery swapping,8055300400,Paramount Autoworld,"{'latitude': 28.6277, 'longitude': 77.1066}",08:00:00 - 18:00:00,4
"C-22/6, Nawada, Mohan Garden, New Delhi - 110059",110059,8,New Delhi,19:00:00,,India,28.621,77.0429,10:00:00,Cash/UPI,Staffed,4,,,,Battery Smart,Battery swapping,8055300400,Kumkum Electric India Pvt Ltd,"{'latitude': 28.621, 'longitude': 77.0429}",10:00:00 - 19:00:00,4
"B - 480-481, GF, Raghubir Nagar, New Delhi - 110027",110027,20,New Delhi,19:00:00,,India,28.654,77.1154,10:00:00,Cash/UPI,Staffed,10,,,,Battery Smart,Battery swapping,8055300400,Vivaan Enterprises,"{'latitude': 28.654, 'longitude': 77.1154}",10:00:00 - 19:00:00,10
"RZ - B/2 - 108, Gali No 3, Vijay Enclave, Palam Dabri Road, New Delhi - 110045",110045,20,New Delhi,21:00:00,,India,28.604,77.0744,09:00:00,Cash/UPI,Staffed,10,,,,Battery Smart,Battery swapping,8055300400,Kashyap E Charging,"{'latitude': 28.604, 'longitude': 77.0744}",09:00:00 - 21:00:00,10
"6/26, Subhash Nagar, New Delhi - 110027",110027,12,New Delhi,20:00:00,,India,28.6348,77.1135,10:00:00,Cash/UPI,Staffed,6,,,,Battery Smart,Battery swapping,8055300400,Sharma Travel Agents,"{'latitude': 28.6348, 'longitude': 77.1135}",10:00:00 - 20:00:00,6
"Shop No 270, Main Nazafgarh Road, Metro Pillar No 720, Uttam Nagar, New Delhi - 110059",110059,40,New Delhi,21:00:00,,India,28.6207,77.0476,09:00:00,Cash/UPI,Staffed,20,,,,Battery Smart,Battery swapping,8055300400,Ashirwad Inverter & Battery,"{'latitude': 28.6207, 'longitude': 77.0476}",09:00:00 - 21:00:00,20
"E-97/D-1, Upper G/F, Kh. No 79/5, Bengali Colony, Mahavir Enclave,New Delhi - 110045",110045,8,New Delhi,19:00:00,,India,28.5976,77.0808,10:00:00,Cash/UPI,Staffed,4,,,,Battery Smart,Battery swapping,8055300400,Nabanita Das,"{'latitude': 28.5976, 'longitude': 77.0808}",10:00:00 - 19:00:00,4
"E- Ext 23,Main 25 Futa Road, Shyam Vihar, Phase 1, Najafgarh, New Delhi - 110043",110043,8,New Delhi,20:00:00,,India,28.5969,77.0033,08:00:00,Cash/UPI,Staffed,4,,,,Battery Smart,Battery swapping,8055300400,Luhania Auto ,"{'latitude': 28.5969, 'longitude': 77.0033}",08:00:00 - 20:00:00,4
"W-1/63, T Huts, Mansarover Garden, Ramesh Nagar, HO, West Delhi, New Delhi - 110015",110015,32,New Delhi,23:59:00,,India,28.6375,77.13,00:01:00,Cash/UPI,Staffed,16,,,,Battery Smart,Battery swapping,8055300400,Inder Jha,"{'latitude': 28.6375, 'longitude': 77.13}",00:01:00 - 23:59:00,16
"A-16, Amanpuri Mor, Opposite Mansa Ram Hospital, Nangloi",110041,16,New Delhi,20:00:00,,India,28.6722,77.0593,08:00:00,Cash/UPI,Staffed,8,,,,Battery Smart,Battery swapping,8055300400,Jai Mata Battery,"{'latitude': 28.6722, 'longitude': 77.0593}",08:00:00 - 20:00:00,8
"H No 2, Block C, Kh No 17/15, Near Veer Bazaar Road, Chander Vihar, Nilothi Extn, New Delhi",110041,12,New Delhi,20:20:00,,India,28.6551,77.0665,10:30:00,Cash/UPI,Staffed,6,,,,Battery Smart,Battery swapping,8055300400,GHS Electronics,"{'latitude': 28.6551, 'longitude': 77.0665}",10:30:00 - 20:20:00,6
"G/F, Plot No 1, Kh No 609, G/F, Sadh Nagar, Palam Colony, New Delhi - 110045",110045,48,New Delhi,20:00:00,,India,28.5942,77.0959,08:00:00,Cash/UPI,Staffed,24,,,,Battery Smart,Battery swapping,8055300400,Manav E Rickshaw,"{'latitude': 28.5942, 'longitude': 77.0959}",08:00:00 - 20:00:00,24
"A-2, Pratap Shah Market, Ranjit Vihar, Chander Vihar, New Delhi - 110041",110041,20,New Delhi,23:59:00,,India,28.6536,77.0727,00:00:00,Cash/UPI,Staffed,10,,,,Battery Smart,Battery swapping,8055300400,Ambika E Rickshaw Charging,"{'latitude': 28.6536, 'longitude': 77.0727}",00:00:00 - 23:59:00,10
"Ground Floor, House No 37A, Block C-5B, Janakpuri, New Delhi - 110058",110058,88,New Delhi,21:00:00,,India,28.616,77.0953,07:00:00,Cash/UPI,Staffed,44,,,,Battery Smart,Battery swapping,8055300400,WeVolt Technologies LLP FO,"{'latitude': 28.616, 'longitude': 77.0953}",07:00:00 - 21:00:00,44
"Z-6A, Near Gurudwara, Mohan Garden, Uttam Nagar, New Delhi - 110058",110058,24,New Delhi,23:59:00,,India,28.6339,77.044,00:00:00,Cash/UPI,Staffed,12,,,,Battery Smart,Battery swapping,8055300400,Mahadev E Rickshaw Trading,"{'latitude': 28.6339, 'longitude': 77.044}",00:00:00 - 23:59:00,12
"Shop No 5, Pocket F, Hari Nagar Clock Tower, New Delhi - 110064",110064,8,New Delhi,20:00:00,,India,28.6197,77.1109,10:00:00,Cash/UPI,Staffed,4,,,,Battery Smart,Battery swapping,8055300400,Future Sounds,"{'latitude': 28.6197, 'longitude': 77.1109}",10:00:00 - 20:00:00,4
"R2-A 2/2, Chanakya Place, Part 1, Main Pankha road, New Delhi- 110059",110059,48,New Delhi,20:00:00,,India,28.6159,77.0802,08:00:00,Cash/UPI,Staffed,24,,,,Battery Smart,Battery swapping,8055300400,Ali Jan E Rickshaw Parking,"{'latitude': 28.6159, 'longitude': 77.0802}",08:00:00 - 20:00:00,24
"C-84, Ramgarh, Jahangir puri, New Delhi- 110033",110033,24,New Delhi,19:30:00,,India,28.7274,77.1619,10:00:00,Cash/UPI,Staffed,12,,,,Battery Smart,Battery swapping,8055300400,Punjab EV Battery & Invertor,"{'latitude': 28.7274, 'longitude': 77.1619}",10:00:00 - 19:30:00,12
"Rd Number 33, near Paschim Puri petrol pump, Punjabi Bagh, New Delhi, 110026",110026,40,New Delhi,20:00:00,,India,28.6645,77.1187,08:00:00,Cash/UPI,Staffed,20,,,,Battery Smart,Battery swapping,8055300400,Khanna Charging,"{'latitude': 28.6645, 'longitude': 77.1187}",08:00:00 - 20:00:00,20
"C1/3C, chankya place, Uttam Nagar , New Delhi - 110059",110059,32,New Delhi,20:00:00,,India,28.6164,77.0794,08:00:00,Cash/UPI,Staffed,16,,,,Battery Smart,Battery swapping,8055300400,Shree balaji - E rickshaw charging and parking,"{'latitude': 28.6164, 'longitude': 77.0794}",08:00:00 - 20:00:00,16
"A- 5, B, Manak vihar extension, Subhash Nagar,Delhi.",110027,8,New Delhi,20:00:00,,India,28.6348,77.1088,08:00:00,Cash/UPI,Staffed,4,,,,Battery Smart,Battery swapping,8055300400,Sahiba Motors,"{'latitude': 28.6348, 'longitude': 77.1088}",08:00:00 - 20:00:00,4
"Mukesh Auto Parta, Mayur Vihar Phase III, Kondli, New Delhi, Delhi 110096",110096,12,New Delhi,20:00:00,,India,28.6112,77.3279,08:00:00,Cash/UPI,Staffed,6,,,,Battery Smart,Battery swapping,8055300400,Kalindi E-Rickshaw,"{'latitude': 28.6112, 'longitude': 77.3279}",08:00:00 - 20:00:00,6
"100 futta road, Durgapuri chowk, Shahdara.",110032,8,New Delhi,19:31:00,,India,28.6896,77.2848,10:00:00,Cash/UPI,Staffed,4,,,,Battery Smart,Battery swapping,8055300400,JMD vehicles,"{'latitude': 28.6896, 'longitude': 77.2848}",10:00:00 - 19:31:00,4
"A-10, Sanjay Nagar, Mahendra Park, Jahangirpuri, Delhi, 110033",110033,40,New Delhi,23:59:00,,India,28.7224,77.1698,00:00:00,Cash/UPI,Staffed,20,,,,Battery Smart,Battery swapping,8055300400,Anshu Battery,"{'latitude': 28.7224, 'longitude': 77.1698}",00:00:00 - 23:59:00,20
"108,HUDA Shopping Complex, HUDA Market, Sector 32,Gurgaon, Haryana- 122002",122002,24,Gurgaon,20:30:00,,India,28.4456,77.0447,date,Cash/UPI,Staffed,12,,,,Battery Smart,Battery swapping,8055300400,Babulia Engineering,"{'latitude': 28.4456, 'longitude': 77.0447}",date - 20:30:00,12
"W3, W8, Old PVC Market, near Sai Baba Temple, Jwalapuri, Paschim Vihar, New Delhi, Delhi 110087",110087,4,New Delhi,19:30:00,,India,28.6716,77.0792,10:00:00,Cash/UPI,Staffed,2,,,,Battery Smart,Battery swapping,8055300400,Target One Innovation Pvt. Ltd,"{'latitude': 28.6716, 'longitude': 77.0792}",10:00:00 - 19:30:00,2
"Gali no 4, Rahul garden, pipeline road, Loni Shahdara.",201102,4,New Delhi,19:00:00,,India,28.717,77.3097,08:00:00,Cash/UPI,Staffed,2,,,,Battery Smart,Battery swapping,8055300400,Sachin,"{'latitude': 28.717, 'longitude': 77.3097}",08:00:00 - 19:00:00,2
"New modern road, sewa dham, Shahdara",110093,8,New Delhi,19:30:00,,India,28.7114,77.3085,10:00:00,Cash/UPI,Staffed,4,,,,Battery Smart,Battery swapping,8055300400,Ambika Enterprises,"{'latitude': 28.7114, 'longitude': 77.3085}",10:00:00 - 19:30:00,4
"House No 3, KH NO.910/466, Ground Floor,Village Haiderpur, Landmark Near Syndicate Bank, New Delhi, 110088",110088,28,New Delhi,22:00:00,,India,28.7236,77.1463,06:00:00,Cash/UPI,Staffed,14,,,,Battery Smart,Battery swapping,8055300400,Pappu Garage,"{'latitude': 28.7236, 'longitude': 77.1463}",06:00:00 - 22:00:00,14
"Plot no 3 khasta no 26, arya nagar, Chander vihar near Sukar bazaar chowk, New Delhi 110041",110041,20,New Delhi,23:59:00,,India,28.6538,77.0636,00:00:00,Cash/UPI,Staffed,10,,,,Battery Smart,Battery swapping,8055300400,Virat Parking,"{'latitude': 28.6538, 'longitude': 77.0636}",00:00:00 - 23:59:00,10
"shop no. 2 , samrat enclave , pitampura , ND -34",110034,40,New Delhi,19:00:00,,India,28.6873,77.1422,10:00:00,Cash/UPI,Staffed,20,,,,Battery Smart,Battery swapping,8055300400,Preeti Automobile,"{'latitude': 28.6873, 'longitude': 77.1422}",10:00:00 - 19:00:00,20
Dallpura Village,110096,24,New Delhi,22:00:00,,India,28.6086,77.3185,08:00:00,Cash/UPI,Staffed,12,,,,Battery Smart,Battery swapping,8055300400,Das Motors,"{'latitude': 28.6086, 'longitude': 77.3185}",08:00:00 - 22:00:00,12
"Plot No. 48, Kh. Wo 13, Ground floor, Najafgarh Road, Block B, Nishant Park, Village Kakrola , New Delhi- 110078.",110078,60,New Delhi,20:00:00,,India,28.6174,77.0263,08:00:00,Cash/UPI,Staffed,30,,,,Battery Smart,Battery swapping,8055300400,Dwarka Field Office,"{'latitude': 28.6174, 'longitude': 77.0263}",08:00:00 - 20:00:00,30
"Chand Cinema Rd, Kotla Village, Mayur Vihar, New Delhi, Delhi 110091",110091,8,New Delhi,22:00:00,,India,28.6129,77.304,07:00:00,Cash/UPI,Staffed,4,,,,Battery Smart,Battery swapping,8055300400,Kalindi e rickshaw,"{'latitude': 28.6129, 'longitude': 77.304}",07:00:00 - 22:00:00,4
"A2/1 30foot road Chanakya place, New Delhi 110059",110059,16,New Delhi,22:00:00,,India,28.6158,77.0801,08:00:00,Cash/UPI,Staffed,8,,,,Battery Smart,Battery swapping,8055300400,Sai Ram Automobiles,"{'latitude': 28.6158, 'longitude': 77.0801}",08:00:00 - 22:00:00,8
"Swaroop Nagar, Near Vijay Chowk,Burari Road, Kathiya Baba ashram New Delhi 110042",110042,12,New Delhi,19:00:00,,India,28.7573,77.1735,10:00:00,Cash/UPI,Staffed,6,,,,Battery Smart,Battery swapping,8055300400,RS Power Solutions,"{'latitude': 28.7573, 'longitude': 77.1735}",10:00:00 - 19:00:00,6
"WZ-59,F, Possangipuri, Janakpuri, New Delhi 110058",110058,32,New Delhi,23:50:00,,India,28.6246,77.0828,06:43:00,Cash/UPI,Staffed,16,,,,Battery Smart,Battery swapping,8055300400,Satya Enterprises,"{'latitude': 28.6246, 'longitude': 77.0828}",06:43:00 - 23:50:00,16
"E78, Block E, Shastri Park, Shahdara, Delhi, 110053",110053,8,New Delhi,20:00:00,,India,28.6729,77.2573,10:00:00,Cash/UPI,Staffed,4,,,,Battery Smart,Battery swapping,8055300400,R K Enterprises,"{'latitude': 28.6729, 'longitude': 77.2573}",10:00:00 - 20:00:00,4
"Drona Group of Institutes, Chankya Palace, Uttam Nagar, 25 Feet Rd, Sitapuri Part 2, Sitapuri, New Delhi, Delhi 110059",110059,84,New Delhi,23:59:00,,India,28.6135,77.0775,06:00:00,Cash/UPI,Staffed,42,,,,Battery Smart,Battery swapping,8055300400,Vivek E rickshaw parking,"{'latitude': 28.6135, 'longitude': 77.0775}",06:00:00 - 23:59:00,42
"E-2/245, Main road , shastri nagar, ND-52",110052,20,New Delhi,19:00:00,,India,28.6706,77.1799,10:00:00,Cash/UPI,Staffed,10,,,,Battery Smart,Battery swapping,8055300400,RK batteries,"{'latitude': 28.6706, 'longitude': 77.1799}",10:00:00 - 19:00:00,10
"Main Mubarakpur Road, near Baba Haridas Vatika, Prem Nagar-3, Kiradi, Delhi, 110086",110086,24,New Delhi,20:00:00,,India,28.7027,77.0478,10:00:00,Cash/UPI,Staffed,12,,,,Battery Smart,Battery swapping,8055300400,Alco E-Rickshaw & Battery,"{'latitude': 28.7027, 'longitude': 77.0478}",10:00:00 - 20:00:00,12
"Shop no 171, Sabji Mandi, Narang Colony, Tri Nagar, Delhi, 110035",110035,24,New Delhi,23:59:00,,India,28.6822,77.1616,05:00:00,Cash/UPI,Staffed,12,,,,Battery Smart,Battery swapping,8055300400,Mahamaya Charging Point,"{'latitude': 28.6822, 'longitude': 77.1616}",05:00:00 - 23:59:00,12
"8614/11 , Gau shala road, kishan ganj market , ND-05",110005,80,New Delhi,23:00:00,,India,28.6572,77.1972,00:00:00,Cash/UPI,Staffed,40,,,,Battery Smart,Battery swapping,8055300400,Ashirwad e rickshaw parking,"{'latitude': 28.6572, 'longitude': 77.1972}",00:00:00 - 23:00:00,40
"Harinder s/o sat narayan pandit,WZ-87,shakurpur village ,shakurpur l block ,north west delhi,110034",110034,32,New Delhi,22:00:00,,India,28.6839,77.1414,00:00:00,Cash/UPI,Staffed,16,,,,Battery Smart,Battery swapping,8055300400,Harinder Charging Point,"{'latitude': 28.6839, 'longitude': 77.1414}",00:00:00 - 22:00:00,16
" 164/166, Block K-5, Mohan Garden, Uttam Nagar, New Delhi, 110059.",110059,40,New Delhi,23:45:00,,India,28.6349,77.0408,07:00:00,Cash/UPI,Staffed,20,,,,Battery Smart,Battery swapping,8055300400,Shiva E Rickshaw Charging Point,"{'latitude': 28.6349, 'longitude': 77.0408}",07:00:00 - 23:45:00,20
"B-8,Main road Jhoripur extension, Opp. Hdfc bank, 110094",110094,8,New Delhi,19:00:00,,India,28.7123,77.2879,09:00:00,Cash/UPI,Staffed,4,,,,Battery Smart,Battery swapping,8055300400,Shakumbhari Enterprises,"{'latitude': 28.7123, 'longitude': 77.2879}",09:00:00 - 19:00:00,4
"A-31/A,Brij puri, Main Wazirabad road, Delhi 94, Bhajanpura",110094,8,New Delhi,20:00:00,,India,28.7027,77.2733,10:00:00,Cash/UPI,Staffed,4,,,,Battery Smart,Battery swapping,8055300400,Samrat Electrical Vehicles,"{'latitude': 28.7027, 'longitude': 77.2733}",10:00:00 - 20:00:00,4
"A-1/3, Main Nathu Colony chowk, Shahdara, Delhi",110032,88,New Delhi,20:30:00,,India,28.6896,77.2997,10:00:00,Cash/UPI,Staffed,44,,,,Battery Smart,Battery swapping,8055300400,B.G Hub,"{'latitude': 28.6896, 'longitude': 77.2997}",10:00:00 - 20:30:00,44
"161, Sec 18, Sarhoul, Gurgaon, Haryana - 122015",122015,32,Gurgaon,23:59:00,,India,28.4866,77.0716,05:00:00,Cash/UPI,Staffed,16,,,,Battery Smart,Battery swapping,8055300400,Lendhill Services and Engineering,"{'latitude': 28.4866, 'longitude': 77.0716}",05:00:00 - 23:59:00,16
"Shop add- h.no 419, village dundahera, sector 20, near Vishal mega mart, old Delhi Gurgaon road",122016,100,Gurgaon,21:00:00,,India,28.5135,77.0758,09:00:00,Cash/UPI,Staffed,50,,,,Battery Smart,Battery swapping,8055300400,Dhruv Manchanda FO,"{'latitude': 28.5135, 'longitude': 77.0758}",09:00:00 - 21:00:00,50
"Fateh Nagar, Road,  Block B, New Delhi, 110018",110018,80,New Delhi,23:40:00,,India,28.6325,77.1013,05:00:00,Cash/UPI,Staffed,40,,,,Battery Smart,Battery swapping,8055300400,Harneet E-Rickshaw parking,"{'latitude': 28.6325, 'longitude': 77.1013}",05:00:00 - 23:40:00,40
"E-11-A176 B, G/F, Shastri Park, Near HP Petrol Pump. 110053",110053,24,New Delhi,20:30:00,,India,28.6727,77.255,09:00:00,Cash/UPI,Staffed,12,,,,Battery Smart,Battery swapping,8055300400,Malik and Company,"{'latitude': 28.6727, 'longitude': 77.255}",09:00:00 - 20:30:00,12
"E-11/A-158 Buland Masjid KH No 75, Shastri Park Delhi-110053",110053,20,New Delhi,20:00:00,,India,28.673,77.2573,09:00:00,Cash/UPI,Staffed,10,,,,Battery Smart,Battery swapping,8055300400,R.k Parking,"{'latitude': 28.673, 'longitude': 77.2573}",09:00:00 - 20:00:00,10
"Shop no. 3, car market opp-piller no 27 sector 31 noida- 201303",201303,72,Noida,20:00:00,,India,28.5797,77.3407,09:00:00,Cash/UPI,Staffed,36,,,,Battery Smart,Battery swapping,8055300400,Salmani Traders,"{'latitude': 28.5797, 'longitude': 77.3407}",09:00:00 - 20:00:00,36
"2nd Floor KH No 37/21, Street no 10, Block A, Kaushik Enclave, Landmark,  Banaras Sweet, North Delhi- 110084",110084,12,New Delhi,21:00:00,,India,28.7615,77.1865,21:00:00,Cash/UPI,Staffed,6,,,,Battery Smart,Battery swapping,8055300400,Power House Battery and Parts Traders,"{'latitude': 28.7615, 'longitude': 77.1865}",21:00:00 - 21:00:00,6
"W/O Suresh chand K-89/1, Main Subhash Vihar road, Delhi Darbar road,Opposite to Thakur Halwai, Delhi 110053",110053,28,New Delhi,20:00:00,,India,28.6953,77.2662,21:00:00,Cash/UPI,Staffed,14,,,,Battery Smart,Battery swapping,8055300400,Bineet Parking,"{'latitude': 28.6953, 'longitude': 77.2662}",21:00:00 - 20:00:00,14
"C Block, 1977, Main road, Jahangirpuri, New Delhi- 110033",110033,12,New Delhi,21:00:00,,India,28.7309,77.169,09:00:00,Cash/UPI,Staffed,6,,,,Battery Smart,Battery swapping,8055300400,Satyam Power Electronics,"{'latitude': 28.7309, 'longitude': 77.169}",09:00:00 - 21:00:00,6
"Ganesha Park, Uttam Nagar, A-63 Astal Road, New Delhi, 110059",110059,24,New Delhi,23:00:00,,India,28.6361,77.0507,06:00:00,Cash/UPI,Staffed,12,,,,Battery Smart,Battery swapping,8055300400,Vijay Rickshaw Charging Point,"{'latitude': 28.6361, 'longitude': 77.0507}",06:00:00 - 23:00:00,12
"H. No 14 khasra no 9/15_x000D_
Kamrudin village yadav park extension near janta   _x000D_
Dharm kanta",110041,40,New Delhi,21:00:00,,India,28.6745,77.0596,08:00:00,Cash/UPI,Staffed,20,,,,Battery Smart,Battery swapping,8055300400,Sanjay Charging point,"{'latitude': 28.6745, 'longitude': 77.0596}",08:00:00 - 21:00:00,20
"A-1/293A,Asthal road,Near Holy chowk,Uttam Nagar, New Delhi- 110059",110059,24,New Delhi,20:00:00,,India,28.6271,77.0574,10:00:00,Cash/UPI,Staffed,12,,,,Battery Smart,Battery swapping,8055300400,Sood Battery Point,"{'latitude': 28.6271, 'longitude': 77.0574}",10:00:00 - 20:00:00,12
" E11A/162, Mugra m
Market road, Shastri Park, New Delhi -110053",110053,28,New Delhi,22:00:00,,India,28.6712,77.2558,08:00:00,Cash/UPI,Staffed,14,,,,Battery Smart,Battery swapping,8055300400,Tabassum Parking,"{'latitude': 28.6712, 'longitude': 77.2558}",08:00:00 - 22:00:00,14
"Ghandhinagar, Seelampur road, Shahdara, New Delhi.",110031,12,New Delhi,20:00:00,,India,28.6511,77.2672,09:00:00,Cash/UPI,Staffed,6,,,,Battery Smart,Battery swapping,8055300400,Ashu parking,"{'latitude': 28.6511, 'longitude': 77.2672}",09:00:00 - 20:00:00,6
"RZC, 171, Nihal vihar, Nangloi, ND-110041",110041,20,New Delhi,20:00:00,,India,28.6689,77.0731,08:00:00,Cash/UPI,Staffed,10,,,,Battery Smart,Battery swapping,8055300400,Joginder E- Rickshaw parking,"{'latitude': 28.6689, 'longitude': 77.0731}",08:00:00 - 20:00:00,10
"G. D- A-53, khasra nos- 83/15, Nihal vihar Nangloi",110041,12,New Delhi,21:00:00,,India,28.6621,77.0723,10:00:00,Cash/UPI,Staffed,6,,,,Battery Smart,Battery swapping,8055300400,Gaurav Battery,"{'latitude': 28.6621, 'longitude': 77.0723}",10:00:00 - 21:00:00,6
"RZB-44, Nandram Park, Bhagat Enclave, Bindapur, Maitala road, Near Sunday Market, Gali No-08, Uttam Nagar",110059,20,New Delhi,21:30:00,,India,28.6157,77.0654,08:00:00,Cash/UPI,Staffed,10,,,,Battery Smart,Battery swapping,8055300400,B Y Parking,"{'latitude': 28.6157, 'longitude': 77.0654}",08:00:00 - 21:30:00,10
"F-5/226, Block F, Sector 16, Rohini, Delhi, 110085",110085,20,New Delhi,21:00:00,,India,28.735,77.1237,09:00:00,Cash/UPI,Staffed,10,,,,Battery Smart,Battery swapping,8055300400,Punjab Batteries,"{'latitude': 28.735, 'longitude': 77.1237}",09:00:00 - 21:00:00,10
"Pipe line, Near HP Petrol Pump, Shastri Park, Delhi -110053.",110053,24,New Delhi,22:00:00,,India,28.6728,77.2529,08:00:00,Cash/UPI,Staffed,12,,,,Battery Smart,Battery swapping,8055300400,Malik Parking,"{'latitude': 28.6728, 'longitude': 77.2529}",08:00:00 - 22:00:00,12
"Aravali Farms , Kapashera, Old delhi guragon road , ND-110037",110037,20,Gurgaon,22:00:00,,India,28.423,76.9897,07:00:00,Cash/UPI,Staffed,10,,,,Battery Smart,Battery swapping,8055300400,Yograj parking,"{'latitude': 28.423, 'longitude': 76.9897}",07:00:00 - 22:00:00,10
"WZ-261, Shakurpur village, New Delhi-110034",110034,12,New Delhi,21:00:00,,India,28.6832,77.1421,08:00:00,Cash/UPI,Staffed,6,,,,Battery Smart,Battery swapping,8055300400,JS Enterprises,"{'latitude': 28.6832, 'longitude': 77.1421}",08:00:00 - 21:00:00,6
"Shiv shakti parking , panchayat ghar , sikanderpur ghosi, gurgaon 122002",122002,24,Gurgaon,22:00:00,,India,28.4817,77.0958,07:00:00,Cash/UPI,Staffed,12,,,,Battery Smart,Battery swapping,8055300400,Shiv shakti parking,"{'latitude': 28.4817, 'longitude': 77.0958}",07:00:00 - 22:00:00,12
"G-48, Near Khajoor wali masjid, Janta Majdoor Colony, Delhi-110053",110053,40,New Delhi,23:00:00,,India,28.6792,77.2776,07:00:00,Cash/UPI,Staffed,20,,,,Battery Smart,Battery swapping,8055300400,Shahid E-Rickshaw Parking,"{'latitude': 28.6792, 'longitude': 77.2776}",07:00:00 - 23:00:00,20
"RZ-439 Lane number 3, Sagarpur, New Delhi-110046",110046,28,New Delhi,21:00:00,,India,28.6058,77.1036,08:00:00,Cash/UPI,Staffed,14,,,,Battery Smart,Battery swapping,8055300400,Krishna E- Rickshaw parking,"{'latitude': 28.6058, 'longitude': 77.1036}",08:00:00 - 21:00:00,14
"E11/A-162, T huts E Block, G. T. Road Near Petrol Pump, Shastri Park,  East Delhi - 110053.",110053,24,New Delhi,22:00:00,,India,28.6728,77.253,08:00:00,Cash/UPI,Staffed,12,,,,Battery Smart,Battery swapping,8055300400,Altaf Parking,"{'latitude': 28.6728, 'longitude': 77.253}",08:00:00 - 22:00:00,12
"Sector 10, B-122, Noida Gautam Budh Nagar.",201301,20,Noida,19:00:00,,India,28.5897,77.329,09:00:00,Cash/UPI,Staffed,10,,,,Battery Smart,Battery swapping,8055300400,Golden Batteries,"{'latitude': 28.5897, 'longitude': 77.329}",09:00:00 - 19:00:00,10
"Khasra number 21, 17, Main Pushta Rd, Swaroop Nagar, Bhalswa, Delhi, 110042",110042,12,New Delhi,08:00:00,,India,28.7574,77.1735,09:00:00,Cash/UPI,Staffed,6,,,,Battery Smart,Battery swapping,8055300400,RS Power Solution,"{'latitude': 28.7574, 'longitude': 77.1735}",09:00:00 - 08:00:00,6
"Road no. 65, Pili Mitti, Near Jafrabad Metro Station. Delhi-110053",110053,20,New Delhi,06:00:00,,India,28.6825,77.2753,06:00:00,Cash/UPI,Staffed,10,,,,Battery Smart,Battery swapping,8055300400,M.A. Batteries ,"{'latitude': 28.6825, 'longitude': 77.2753}",06:00:00 - 06:00:00,10
"House no 1, KH NO 407, Ground floor, GTK IND Area Landmark near Gas Godown, Delhi 110033",110033,56,New Delhi,23:00:00,,India,28.699,77.1835,06:00:00,Cash/UPI,Staffed,28,,,,Battery Smart,Battery swapping,8055300400,Sharma ji E Rickshaw Parking,"{'latitude': 28.699, 'longitude': 77.1835}",06:00:00 - 23:00:00,28
"A-221, JJ Colony, near Madipur Metro station, Delhi 110026",110026,36,New Delhi,23:00:00,,India,28.6751,77.119,06:00:00,Cash/UPI,Staffed,18,,,,Battery Smart,Battery swapping,8055300400,DK E Rickshaw parking,"{'latitude': 28.6751, 'longitude': 77.119}",06:00:00 - 23:00:00,18
"B-208 Hastal Colony, Uttam Nagar, New Delhi, Delhi 110059",110059,80,New Delhi,20:00:00,,India,28.6273,77.0655,08:00:00,Cash/UPI,Staffed,40,,,,Battery Smart,Battery swapping,8055300400,Smart E Uttam Nagar,"{'latitude': 28.6273, 'longitude': 77.0655}",08:00:00 - 20:00:00,40
"Address- Shri sai e rickshaw _x000D_
E-83, new Ashok Nagar delhi",110096,28,New Delhi,19:00:00,,India,28.5981,77.3107,09:00:00,Cash/UPI,Staffed,14,,,,Battery Smart,Battery swapping,8055300400,Shri Sai E Rickshaw,"{'latitude': 28.5981, 'longitude': 77.3107}",09:00:00 - 19:00:00,14
"S/o Kishor Lal 8, G/F Gujjar Basti, Village Gharoli, Near Primary School, Delhi-110096.
Location-Kondli Extension",110096,32,New Delhi,19:00:00,,India,28.6175,77.3274,09:00:00,Cash/UPI,Staffed,16,,,,Battery Smart,Battery swapping,8055300400,Yogesh Parking,"{'latitude': 28.6175, 'longitude': 77.3274}",09:00:00 - 19:00:00,16
B1/144 balaji erickshaw parking near new ashok nagar metro station,110096,12,New Delhi,19:00:00,,India,28.5892,77.3063,09:00:00,Cash/UPI,Staffed,6,,,,Battery Smart,Battery swapping,8055300400,Shri Balaji E Rickshaw,"{'latitude': 28.5892, 'longitude': 77.3063}",09:00:00 - 19:00:00,6
"Block B-3 shop near ghodewala mandir ,raghubir nagar",110018,12,New Delhi,21:00:00,,India,28.653,77.1093,10:00:00,Cash/UPI,Staffed,6,,,,Battery Smart,Battery swapping,8055300400,Shri Shayam Documents ,"{'latitude': 28.653, 'longitude': 77.1093}",10:00:00 - 21:00:00,6
" A-74, Pankha Road, Uttam Nagar, ( Near Uttam Nagar east metro station), New Delhi - 110059",110059,28,New Delhi,20:00:00,,India,28.6252,77.0667,09:00:00,Cash/UPI,Staffed,14,,,,Battery Smart,Battery swapping,8055300400,Jatin Traders,"{'latitude': 28.6252, 'longitude': 77.0667}",09:00:00 - 20:00:00,14
"Cycle rickshaw stand, near dargah, Bela road, Jamnabazaar , ND-110006",110006,60,New Delhi,22:00:00,,India,28.6547,77.2343,07:00:00,Cash/UPI,Staffed,30,,,,Battery Smart,Battery swapping,8055300400,Khan service center,"{'latitude': 28.6547, 'longitude': 77.2343}",07:00:00 - 22:00:00,30
"Plot No. 451, Saperewali gali, Aali village, (Mohan estate), New Delhi -110076",110076,12,New Delhi,21:00:00,,India,28.5158,77.31,06:00:00,Cash/UPI,Staffed,6,,,,Battery Smart,Battery swapping,8055300400,Atul Parking,"{'latitude': 28.5158, 'longitude': 77.31}",06:00:00 - 21:00:00,6
"WZ-403 i, Naraina village, ND - 110028",110028,16,New Delhi,22:00:00,,India,28.6253,77.1396,07:00:00,Cash/UPI,Staffed,8,,,,Battery Smart,Battery swapping,8055300400,Raghu parking,"{'latitude': 28.6253, 'longitude': 77.1396}",07:00:00 - 22:00:00,8
"House no. 926, near govt senior secondary school, Village sarhoul , Sector 18 , Gurgaon-122015",122015,32,Gurgaon,22:00:00,,India,28.4862,77.0696,07:00:00,Cash/UPI,Staffed,16,,,,Battery Smart,Battery swapping,8055300400,Yadav parking,"{'latitude': 28.4862, 'longitude': 77.0696}",07:00:00 - 22:00:00,16
"H.No-52, Pusta Service Road, Parsahadi Mohalla, New usmanpur, Delhi-110053",110053,12,New Delhi,23:00:00,,India,28.6857,77.2546,07:00:00,Cash/UPI,Staffed,6,,,,Battery Smart,Battery swapping,8055300400,Satya Charging Point,"{'latitude': 28.6857, 'longitude': 77.2546}",07:00:00 - 23:00:00,6
"Seelampur, Gurudwara , Sabri Batteries.",110053,20,New Delhi,22:00:00,,India,28.6717,77.2671,10:00:00,Cash/UPI,Staffed,10,,,,Battery Smart,Battery swapping,8055300400,Sabri Batteries Charging Point,"{'latitude': 28.6717, 'longitude': 77.2671}",10:00:00 - 22:00:00,10
"Shop-E-49/K 118 Janta majdoor colony Road no-65 Near police Booth, Delhi-110053",110053,32,New Delhi,22:00:00,,India,28.6813,77.2765,10:00:00,Cash/UPI,Staffed,16,,,,Battery Smart,Battery swapping,8055300400,Sanjay Kumar Charging Point,"{'latitude': 28.6813, 'longitude': 77.2765}",10:00:00 - 22:00:00,16
"B-147,B block sector 10 noida uttar pradash",201301,92,Noida,19:00:00,,India,28.5908,77.3289,10:00:00,Cash/UPI,Staffed,46,,,,Battery Smart,Battery swapping,8055300400,Noida field office,"{'latitude': 28.5908, 'longitude': 77.3289}",10:00:00 - 19:00:00,46
"Swami Amardev Marg- Jawala Nagar, Shahdara.",110032,20,New Delhi,20:00:00,,India,28.6699,77.2974,08:00:00,Cash/UPI,Staffed,10,,,,Battery Smart,Battery swapping,8055300400,Gaurav Charging Point,"{'latitude': 28.6699, 'longitude': 77.2974}",08:00:00 - 20:00:00,10
"10/114, subhas gali, Vishwas nagar, delhi - 110032",110032,12,New Delhi,20:00:00,,India,28.6673,77.2992,10:00:00,Cash/UPI,Staffed,6,,,,Battery Smart,Battery swapping,8055300400, Rakesh Electrical,"{'latitude': 28.6673, 'longitude': 77.2992}",10:00:00 - 20:00:00,6
"C-246, Dada Dev colony, Dwarka Sec -7, New Delhi - 110075",110075,20,New Delhi,19:30:00,,India,28.5833,77.0756,07:00:00,Cash/UPI,Staffed,10,,,,Battery Smart,Battery swapping,8055300400,Jai Dada Dev Enterprises,"{'latitude': 28.5833, 'longitude': 77.0756}",07:00:00 - 19:30:00,10
"Shop no.9, MCD Market, Nimri Colony, Ashok vihar Phase-4, Delhi-110052",110052,40,New Delhi,22:30:00,,India,28.6821,77.1736,06:00:00,Cash/UPI,Staffed,20,,,,Battery Smart,Battery swapping,8055300400,Jatin E Rickshaw Parking,"{'latitude': 28.6821, 'longitude': 77.1736}",06:00:00 - 22:30:00,20
"RGZ-62A, Nihal vihar, ND-110041",110041,16,New Delhi,20:00:00,,India,28.6684,77.0702,10:00:00,Cash/UPI,Staffed,8,,,,Battery Smart,Battery swapping,8055300400,Om battery and inverter,"{'latitude': 28.6684, 'longitude': 77.0702}",10:00:00 - 20:00:00,8
"H-206/3A,Shop no. 4, Opposite to Gurudwara, New Seelampur, Delhi-110093",110093,20,New Delhi,20:00:00,,India,28.6714,77.2673,09:00:00,Cash/UPI,Staffed,10,,,,Battery Smart,Battery swapping,8055300400,Mahak Enterprises,"{'latitude': 28.6714, 'longitude': 77.2673}",09:00:00 - 20:00:00,10
"Rajouri Garden Metro Station, Pink Line",110027,80,New Delhi,20:00:00,,India,28.6508,77.1243,08:00:00,Cash/UPI,Staffed,40,,,,Battery Smart,Battery swapping,8055300400,Hare Krishna Enterprises Pvt Ltd,"{'latitude': 28.6508, 'longitude': 77.1243}",08:00:00 - 20:00:00,40
"Plot No.7,Street No.4,near Lal bagh Mandi ,Karawal Nagar Delhi-94",110094,12,New Delhi,20:00:00,,India,28.7341,77.2743,10:00:00,Cash/UPI,Staffed,6,,,,Battery Smart,Battery swapping,8055300400,Al-Hind Erickshaw,"{'latitude': 28.7341, 'longitude': 77.2743}",10:00:00 - 20:00:00,6
D10/15 D-Block Gali no-10 Gamri Extension Delhi-110053,110053,32,New Delhi,21:00:00,,India,28.6986,77.2558,09:00:00,Cash/UPI,Staffed,16,,,,Battery Smart,Battery swapping,8055300400,Ma Laxmi Battery House,"{'latitude': 28.6986, 'longitude': 77.2558}",09:00:00 - 21:00:00,16
"B-89, Fateh Nager,Near Post office, Jail Road, Delhi-110018",110018,60,New Delhi,20:00:00,,India,28.6394,77.0954,08:00:00,Cash/UPI,Staffed,30,,,,Battery Smart,Battery swapping,8055300400,HK Charging Station,"{'latitude': 28.6394, 'longitude': 77.0954}",08:00:00 - 20:00:00,30
"Smart E, Dwarka Sector 10, Metro station",110075,100,New Delhi,21:11:00,,India,28.5813,77.0575,21:11:00,Cash/UPI,Staffed,50,,,,Battery Smart,Battery swapping,8055300400,A.S. Telematics Pvt Ltd,"{'latitude': 28.5813, 'longitude': 77.0575}",21:11:00 - 21:11:00,50
"47/10, S block, DLF phase 3, gurgaon- 122001",122001,24,Noida,21:00:00,,India,28.4865,77.1002,08:00:00,Cash/UPI,Staffed,12,,,,Battery Smart,Battery swapping,8055300400,Himanshi Charging Point,"{'latitude': 28.4865, 'longitude': 77.1002}",08:00:00 - 21:00:00,12
"C-5 Madanpur Khadar extension, Near gas plant sarita vihar, Delhi -110076",110076,44,New Delhi,20:00:00,,India,28.534,77.3096,06:00:00,Cash/UPI,Staffed,22,,,,Battery Smart,Battery swapping,8055300400,Shivam Enterprises,"{'latitude': 28.534, 'longitude': 77.3096}",06:00:00 - 20:00:00,22
Automan battery near saheed sathal metro Ghaziabad,201001,16,Ghaziabad,19:00:00,,India,28.6704,77.4154,09:00:00,Cash/UPI,Staffed,8,,,,Battery Smart,Battery swapping,8055300400,Auto Man E Rickshaw Battery,"{'latitude': 28.6704, 'longitude': 77.4154}",09:00:00 - 19:00:00,8
"KH No. 414, Vill Shahbad Daulatpur, New Delhi-110042_x000D_
",110042,24,New Delhi,23:00:00,,India,28.7461,77.1105,06:00:00,Cash/UPI,Staffed,12,,,,Battery Smart,Battery swapping,8055300400,Shivam E Rickshaw Parking,"{'latitude': 28.7461, 'longitude': 77.1105}",06:00:00 - 23:00:00,12
"WZ 360, Shakurpur Village near Yadav Market, New Delhi-110034",110034,20,New Delhi,22:00:00,,India,28.6846,77.1412,06:00:00,Cash/UPI,Staffed,10,,,,Battery Smart,Battery swapping,8055300400,Lalit E Rickshaw Parking,"{'latitude': 28.6846, 'longitude': 77.1412}",06:00:00 - 22:00:00,10
"C1/2,Nala road, Near babarpur Metro station, Kabir Nagar.",110032,20,New Delhi,20:00:00,,India,28.6902,77.2812,09:00:00,Cash/UPI,Staffed,10,,,,Battery Smart,Battery swapping,8055300400,Baldeva Charging Point,"{'latitude': 28.6902, 'longitude': 77.2812}",09:00:00 - 20:00:00,10
"House no. 19/22/1 ground floor, west moti bagh, sarai rohilla , ND 110035",110035,40,New Delhi,22:00:00,,India,28.6687,77.1823,06:00:00,Cash/UPI,Staffed,20,,,,Battery Smart,Battery swapping,8055300400,Sunny parking,"{'latitude': 28.6687, 'longitude': 77.1823}",06:00:00 - 22:00:00,20
"House no. 122 and 123 kh no. 100/28 ground floor village rajpura sector 9 rohini, Nd. 110085",110085,80,New Delhi,20:00:00,,India,28.7146,77.1248,08:00:00,Cash/UPI,Staffed,40,,,,Battery Smart,Battery swapping,8055300400,Rohini COCO,"{'latitude': 28.7146, 'longitude': 77.1248}",08:00:00 - 20:00:00,40
"Plot No.4 DDA complex Basement parking nirman vihar ,V3 S Mall",110092,20,New Delhi,21:00:00,,India,28.6381,77.2854,09:00:00,Cash/UPI,Staffed,10,,,,Battery Smart,Battery swapping,8055300400,Kishore Parking,"{'latitude': 28.6381, 'longitude': 77.2854}",09:00:00 - 21:00:00,10
"Pahalwan chowk,Nafiz road, Sabji Mandi, Oakhla, South Delhi- 110025",201303,20,New Delhi,20:00:00,,India,28.5716,77.2877,09:00:00,Cash/UPI,Staffed,10,,,,Battery Smart,Battery swapping,8055300400,Salmani Traders,"{'latitude': 28.5716, 'longitude': 77.2877}",09:00:00 - 20:00:00,10
"H.no- 175, gali no. 06,Shahid bhagat singh, near toll tax.",110084,12,New Delhi,20:00:00,,India,28.7328,77.2602,09:00:00,Cash/UPI,Staffed,6,,,,Battery Smart,Battery swapping,8055300400,BMR Enterprises,"{'latitude': 28.7328, 'longitude': 77.2602}",09:00:00 - 20:00:00,6
"3/119, Shubhash Nagar New Delhi, 110027",110027,40,New Delhi,23:00:00,,India,28.6342,77.1136,07:00:00,Cash/UPI,Staffed,20,,,,Battery Smart,Battery swapping,8055300400,Satguru Batteries,"{'latitude': 28.6342, 'longitude': 77.1136}",07:00:00 - 23:00:00,20
"Address- G-1, 440, Dall mill road, Uttam Nagar (Near west metro station), Delhi-110059
",110059,20,New Delhi,19:30:00,,India,28.622,77.0541,07:00:00,Cash/UPI,Staffed,10,,,,Battery Smart,Battery swapping,8055300400,Satija Batteries,"{'latitude': 28.622, 'longitude': 77.0541}",07:00:00 - 19:30:00,10
"G block-154, Nangli Dairy, Najafgarh, Delhi-110043",110043,20,New Delhi,19:30:00,,India,28.6226,77.0163,07:00:00,Cash/UPI,Staffed,10,,,,Battery Smart,Battery swapping,8055300400,Shri Subash Battery,"{'latitude': 28.6226, 'longitude': 77.0163}",07:00:00 - 19:30:00,10
"RZB-161, nihal vihar , ND -110041",110041,28,New Delhi,22:30:00,,India,28.668,77.0759,06:00:00,Cash/UPI,Staffed,14,,,,Battery Smart,Battery swapping,8055300400,Nitin Parking,"{'latitude': 28.668, 'longitude': 77.0759}",06:00:00 - 22:30:00,14
"RZ-73, Sitapuri, Gali no.9,10, New Delhi, 110045",110045,20,New Delhi,21:00:00,,India,28.6143,77.0837,06:00:00,Cash/UPI,Staffed,10,,,,Battery Smart,Battery swapping,8055300400,Malhotraa Swapping point,"{'latitude': 28.6143, 'longitude': 77.0837}",06:00:00 - 21:00:00,10
"Jahangirpuri H Block, Shop no. 12, DDA Market, New Delhi, 110033_x000D_
",110033,12,New Delhi,22:00:00,,India,28.7225,77.1697,09:00:00,Cash/UPI,Staffed,6,,,,Battery Smart,Battery swapping,8055300400,Copper Power,"{'latitude': 28.7225, 'longitude': 77.1697}",09:00:00 - 22:00:00,6
"K Block, Shop no, 1001,Jahangirpuri, New Delhi, 110033",110033,20,New Delhi,21:00:00,,India,28.7398,77.1706,08:00:00,Cash/UPI,Staffed,10,,,,Battery Smart,Battery swapping,8055300400,Vishal Batteries,"{'latitude': 28.7398, 'longitude': 77.1706}",08:00:00 - 21:00:00,10
"C-306, Near Tayyab masjid, Shaheen bagh, Delhi-1100025",1100025,60,New Delhi,20:00:00,,India,28.5468,77.3022,08:00:00,Cash/UPI,Staffed,30,,,,Battery Smart,Battery swapping,8055300400,S K international,"{'latitude': 28.5468, 'longitude': 77.3022}",08:00:00 - 20:00:00,30
"shop no. 12A,A-1 shivnam apartment, 150 foota road shalimar garden extention, Gzb, UP.",201005,40,Ghaziabad,21:45:00,,India,28.6907,77.3439,09:00:00,Cash/UPI,Staffed,20,,,,Battery Smart,Battery swapping,8055300400,Zaidi E rickshaw,"{'latitude': 28.6907, 'longitude': 77.3439}",09:00:00 - 21:45:00,20
Dilshad Garden Smart- E.,110032,100,New Delhi,23:00:00,,India,28.6735,77.2899,09:00:00,Cash/UPI,Staffed,50,,,,Battery Smart,Battery swapping,8055300400,Smart E - Shahdara,"{'latitude': 28.6735, 'longitude': 77.2899}",09:00:00 - 23:00:00,50
Dilshad Garden Smart- E.,110095,100,New Delhi,23:00:00,,India,28.6756,77.3211,07:00:00,Cash/UPI,Staffed,50,,,,Battery Smart,Battery swapping,8055300400,Smart E- Dilshad Garden,"{'latitude': 28.6756, 'longitude': 77.3211}",07:00:00 - 23:00:00,50
6/ 63 Amba Bagh near Padam Nagar post office delhi 110007,110007,24,New Delhi,22:30:00,,India,28.6684,77.1903,07:00:00,Cash/UPI,Staffed,12,,,,Battery Smart,Battery swapping,8055300400,Chiranshu Charging Point,"{'latitude': 28.6684, 'longitude': 77.1903}",07:00:00 - 22:30:00,12
"House No.101, Harola, Sec 5 near fire police station",201301,44,Noida,21:00:00,,India,28.5872,77.3189,09:00:00,Cash/UPI,Staffed,22,,,,Battery Smart,Battery swapping,8055300400,Pradeep Parking,"{'latitude': 28.5872, 'longitude': 77.3189}",09:00:00 - 21:00:00,22
"House no. 28,ward no. 29, Sector 31, silokhra, Gurugram -122001",122001,24,Gurgaon,09:00:00,,India,28.4567,77.0591,08:00:00,Cash/UPI,Staffed,12,,,,Battery Smart,Battery swapping,8055300400,Harish Swapping point,"{'latitude': 28.4567, 'longitude': 77.0591}",08:00:00 - 09:00:00,12
"W-112,Chander shekhar Gali, Babarpur, Near Gurudwara",110032,20,New Delhi,20:00:00,,India,28.6874,77.2792,08:00:00,Cash/UPI,Staffed,10,,,,Battery Smart,Battery swapping,8055300400,Nabbu Parking,"{'latitude': 28.6874, 'longitude': 77.2792}",08:00:00 - 20:00:00,10
A-53/2 gali no.3 brahampuri delhi-110053,110053,12,New Delhi,23:00:00,,India,28.6859,77.2675,08:00:00,Cash/UPI,Staffed,6,,,,Battery Smart,Battery swapping,8055300400,Ali Parking,"{'latitude': 28.6859, 'longitude': 77.2675}",08:00:00 - 23:00:00,6
"Dharampal s/o chandgi ram_x000D_
Plot  khasra no 25/25, house no. 64 A 62 B, shop no 2, gali no 7, salahpur khera, Bijwasan, new delhi 110061",110061,48,New Delhi,23:00:00,,India,28.5126,77.0673,08:00:00,Cash/UPI,Staffed,24,,,,Battery Smart,Battery swapping,8055300400,Shri shyam enterprises,"{'latitude': 28.5126, 'longitude': 77.0673}",08:00:00 - 23:00:00,24
"C Block, Gali no.3, Sant Nagar,Burari, New Delhi, 110084",110084,20,New Delhi,18:11:00,,India,28.7465,77.2002,18:11:00,Cash/UPI,Staffed,10,,,,Battery Smart,Battery swapping,8055300400,Yash Electronics,"{'latitude': 28.7465, 'longitude': 77.2002}",18:11:00 - 18:11:00,10
"41/3 main road ,chander vihar, vikaspuri ext. 110041",110041,16,New Delhi,21:00:00,,India,28.6479,77.0646,08:00:00,Cash/UPI,Staffed,8,,,,Battery Smart,Battery swapping,8055300400,Balaji parking,"{'latitude': 28.6479, 'longitude': 77.0646}",08:00:00 - 21:00:00,8
"R Z 7 sita puri pankha road , ND 110045",110045,20,New Delhi,21:00:00,,India,28.6145,77.0836,08:00:00,Cash/UPI,Staffed,10,,,,Battery Smart,Battery swapping,8055300400,Afsar parking,"{'latitude': 28.6145, 'longitude': 77.0836}",08:00:00 - 21:00:00,10
H. No 90 sawan Park Ext Ashok vihar phase 3 Delhi 110052,110052,28,New Delhi,20:00:00,,India,28.6941,77.1816,07:00:00,Cash/UPI,Staffed,14,,,,Battery Smart,Battery swapping,8055300400,Shri Krishan Enterprises,"{'latitude': 28.6941, 'longitude': 77.1816}",07:00:00 - 20:00:00,14
"House no D3/17, Old no 39, GF KH-13/20, Vijay Enclave, Vinod Puri, Delhi 110045",110045,20,New Delhi,22:00:00,,India,28.6054,77.0817,07:00:00,Cash/UPI,Staffed,10,,,,Battery Smart,Battery swapping,8055300400,Sahib Ji E Rickshaw Parking,"{'latitude': 28.6054, 'longitude': 77.0817}",07:00:00 - 22:00:00,10
"K-157,Gautam Vihar, Kartar Nagar, 3.5 pusta Delhi 110053",110053,20,New Delhi,21:00:00,,India,28.6891,77.2596,09:00:00,Cash/UPI,Staffed,10,,,,Battery Smart,Battery swapping,8055300400,Anand Enterprises,"{'latitude': 28.6891, 'longitude': 77.2596}",09:00:00 - 21:00:00,10
" A-31/59-B, Kh. No. -325, Jamalu ka bagh, Near Masjid, Maujpur, North east Delhi- 110053",110053,20,New Delhi,22:00:00,,India,28.6817,77.2752,08:00:00,Cash/UPI,Staffed,10,,,,Battery Smart,Battery swapping,8055300400,New Micro Power,"{'latitude': 28.6817, 'longitude': 77.2752}",08:00:00 - 22:00:00,10
"W-70-B, KH no. -426, chandar shekhar gali no.- 3 west babarpur near gurudwara delhi- 110032",110032,20,New Delhi,23:00:00,,India,28.6856,77.2806,07:00:00,Cash/UPI,Staffed,10,,,,Battery Smart,Battery swapping,8055300400,Shri Balaji E- Rickshaw parking,"{'latitude': 28.6856, 'longitude': 77.2806}",07:00:00 - 23:00:00,10
"A-998, Block-K,Jahangirpuri, Delhi 110033",110033,20,New Delhi,22:00:00,,India,28.7344,77.1703,08:00:00,Cash/UPI,Staffed,10,,,,Battery Smart,Battery swapping,8055300400,Supreme Power Solutions,"{'latitude': 28.7344, 'longitude': 77.1703}",08:00:00 - 22:00:00,10
"A-183 gali no 5, part 6, Sonia vihar, Karawal nagar, Delhi.",110094,20,New Delhi,20:00:00,,India,28.7166,77.2517,10:00:00,Cash/UPI,Staffed,10,,,,Battery Smart,Battery swapping,8055300400,Pawan Yadav Parking,"{'latitude': 28.7166, 'longitude': 77.2517}",10:00:00 - 20:00:00,10
"C5B, Janakpuri, New Delhi 110058",110058,40,New Delhi,23:00:00,,India,28.6092,77.096,08:00:00,Cash/UPI,Staffed,20,,,,Battery Smart,Battery swapping,8055300400,REF CON SERVICES,"{'latitude': 28.6092, 'longitude': 77.096}",08:00:00 - 23:00:00,20
76-A than Singh nagar Anand parvat near mcd school Karol Bagh New Delhi (110005),110005,64,New Delhi,21:00:00,,India,28.6617,77.1832,08:00:00,Cash/UPI,Staffed,32,,,,Battery Smart,Battery swapping,8055300400,Vikky parking,"{'latitude': 28.6617, 'longitude': 77.1832}",08:00:00 - 21:00:00,32
" B:511  j.j. Colony Bawana Delhi, 39.",110040,20,New Delhi,22:00:00,,India,28.8067,77.051,07:00:00,Cash/UPI,Staffed,10,,,,Battery Smart,Battery swapping,8055300400,Attar battery service,"{'latitude': 28.8067, 'longitude': 77.051}",07:00:00 - 22:00:00,10
"No 53, PLOT NO 15 RANA Ji Metro Piller, Najafgarh, New Delhi, Delhi 11004",110004,12,New Delhi,20:00:00,,India,28.6177,77.0126,10:00:00,Cash/UPI,Staffed,6,,,,Battery Smart,Battery swapping,8055300400,Sheetla Trading Company,"{'latitude': 28.6177, 'longitude': 77.0126}",10:00:00 - 20:00:00,6
MAIN DADRI ROAD NEAR PRIMARY SCHOOL CHALLERA SEC 44 NOIDA,201301,60,Noida,20:00:00,,India,28.5604,77.3445,08:00:00,Cash/UPI,Staffed,30,,,,Battery Smart,Battery swapping,8055300400,Gip enterprises e rickshaw repairs.,"{'latitude': 28.5604, 'longitude': 77.3445}",08:00:00 - 20:00:00,30
"House no 11/12/13,Mohan Garden,Uttam Nagar New Delhi 110059",110059,24,New Delhi,23:00:00,,India,28.6378,77.0388,08:00:00,Cash/UPI,Staffed,12,,,,Battery Smart,Battery swapping,8055300400,Shiva Kushwaha E Rickshaw parking,"{'latitude': 28.6378, 'longitude': 77.0388}",08:00:00 - 23:00:00,12
"DSIDC, DDA Shade no.10, Near fish market Kalkaji, Delhi - 110019",110019,40,New Delhi,19:00:00,,India,28.5323,77.2558,07:00:00,Cash/UPI,Staffed,20,,,,Battery Smart,Battery swapping,8055300400,Ramesh Parking,"{'latitude': 28.5323, 'longitude': 77.2558}",07:00:00 - 19:00:00,20
B136 rajbeer colony gali no1 purani kondli delhi,110096,24,New Delhi,20:00:00,,India,28.6174,77.3256,10:00:00,Cash/UPI,Staffed,12,,,,Battery Smart,Battery swapping,8055300400,Jai sai naath enterprises e rickshaw repairs,"{'latitude': 28.6174, 'longitude': 77.3256}",10:00:00 - 20:00:00,12
Hno-2/263 indra camp trilokpuri delhi near kondli.,110091,16,New Delhi,21:00:00,,India,28.6105,77.3156,09:00:00,Cash/UPI,Staffed,8,,,,Battery Smart,Battery swapping,8055300400,Choudhary E Rickshaw Parking,"{'latitude': 28.6105, 'longitude': 77.3156}",09:00:00 - 21:00:00,8
"S 787/5, Jogabai extension, Jamia Nagar, Batla House, New Delhi- 110025",1100025,20,New Delhi,20:00:00,,India,28.5724,77.2877,07:00:00,Cash/UPI,Staffed,10,,,,Battery Smart,Battery swapping,8055300400,S K International,"{'latitude': 28.5724, 'longitude': 77.2877}",07:00:00 - 20:00:00,10
"Block 1, prachin shiv mandir samiti no. 2, minto road , ND-02",110002,24,New Delhi,22:00:00,,India,28.6427,77.2316,07:00:00,Cash/UPI,Staffed,12,,,,Battery Smart,Battery swapping,8055300400,Panditji Parking,"{'latitude': 28.6427, 'longitude': 77.2316}",07:00:00 - 22:00:00,12
"J Block, J67, Beriwala Bagh, Hari Nagar, Delhi-110064",110064,20,New Delhi,20:00:00,,India,28.6329,77.1133,08:00:00,Cash/UPI,Staffed,10,,,,Battery Smart,Battery swapping,8055300400,HS Parking,"{'latitude': 28.6329, 'longitude': 77.1133}",08:00:00 - 20:00:00,10
"DSIIDC Complex,near police station kalyanpuri ,110091",110091,12,New Delhi,21:00:00,,India,28.6134,77.3171,09:00:00,Cash/UPI,Staffed,6,,,,Battery Smart,Battery swapping,8055300400,Prem Giri  Enterprises,"{'latitude': 28.6134, 'longitude': 77.3171}",09:00:00 - 21:00:00,6
Main Road hoshiyar pur metro pillar 227 sector 51 noida,201301,12,Noida,21:00:00,,India,28.584,77.3686,09:00:00,Cash/UPI,Staffed,6,,,,Battery Smart,Battery swapping,8055300400,Balaji Battery Dealer.,"{'latitude': 28.584, 'longitude': 77.3686}",09:00:00 - 21:00:00,6
"Mundraj niwas pocket 1 mayur vihar phase 3 ,gharoli ,delhi",110096,20,New Delhi,21:00:00,,India,28.6176,77.3329,09:00:00,Cash/UPI,Staffed,10,,,,Battery Smart,Battery swapping,8055300400,Mahesh E Rickshaw parking,"{'latitude': 28.6176, 'longitude': 77.3329}",09:00:00 - 21:00:00,10
"Balmiki mandir, 24 Quartar, Sadar Bazar, Delhi Cantt-110010",110010,40,New Delhi,20:00:00,,India,28.5965,77.1221,08:00:00,Cash/UPI,Staffed,20,,,,Battery Smart,Battery swapping,8055300400,Gautam Rickshaw Charging Centre,"{'latitude': 28.5965, 'longitude': 77.1221}",08:00:00 - 20:00:00,20
"91/27, street no. 2 ,doriwalan , ND 110005",110005,12,New Delhi,22:00:00,,India,28.6521,77.1943,07:00:00,Cash/UPI,Staffed,6,,,,Battery Smart,Battery swapping,8055300400,Sanjib parking,"{'latitude': 28.6521, 'longitude': 77.1943}",07:00:00 - 22:00:00,6
"Shop No. 5, Aitmadpur village, Main bypass road, Faridabad-121001",121001,20,Faridabad,19:00:00,,India,28.4509,77.3192,08:00:00,Cash/UPI,Staffed,10,,,,Battery Smart,Battery swapping,8055300400,Krishna Kripa Trading Company,"{'latitude': 28.4509, 'longitude': 77.3192}",08:00:00 - 19:00:00,10
"Gali no-16, Bhatta Road,Swaroop Nagar, Delhi-110042",110042,16,New Delhi,20:00:00,,India,28.7599,77.1569,08:00:00,Cash/UPI,Staffed,8,,,,Battery Smart,Battery swapping,8055300400,Gaba E Rickshaw Parking,"{'latitude': 28.7599, 'longitude': 77.1569}",08:00:00 - 20:00:00,8
"K S memorial school ,gharoli captain market delhi.",110096,36,New Delhi,21:00:00,,India,28.619,77.3295,09:00:00,Cash/UPI,Staffed,18,,,,Battery Smart,Battery swapping,8055300400,Jatinder E Rickshaw Parking,"{'latitude': 28.619, 'longitude': 77.3295}",09:00:00 - 21:00:00,18
"RZF-768/8, KH no. 44/1/10, Raj nagar- 2, palam colony, near pole no.-171 Delhi- 110077",110077,24,New Delhi,22:00:00,,India,28.5777,77.0777,08:00:00,Cash/UPI,Staffed,12,,,,Battery Smart,Battery swapping,8055300400,S K Motors,"{'latitude': 28.5777, 'longitude': 77.0777}",08:00:00 - 22:00:00,12
"Shop No. 6-7, Near Matta Sweets, Sanoli Rd, Panipat, Haryana 132103",132103,40,Panipat,20:00:00,,India,29.3866,76.9764,10:00:00,Cash/UPI,Staffed,20,,,,Battery Smart,Battery swapping,8055300400,Asian Batteries,"{'latitude': 29.3866, 'longitude': 76.9764}",10:00:00 - 20:00:00,20
"744, new housing board, sector 13 , karnal 132002",132002,40,Karnal,20:00:00,,India,29.6856,76.9952,10:00:00,Cash/UPI,Staffed,20,,,,Battery Smart,Battery swapping,8055300400,SMS Battery House,"{'latitude': 29.6856, 'longitude': 76.9952}",10:00:00 - 20:00:00,20
"F24 near primary school ghazipur delhi, 110096",110096,24,New Delhi,22:00:00,,India,28.6325,77.3195,07:00:00,Cash/UPI,Staffed,12,,,,Battery Smart,Battery swapping,8055300400,Rohit Chaudhary E Rickshaw Parking,"{'latitude': 28.6325, 'longitude': 77.3195}",07:00:00 - 22:00:00,12
"Plot no 131 A, KH No 511, Ranaji Enclave, Delhi-110052",110052,20,New Delhi,20:00:00,,India,28.6174,77.0146,08:00:00,Cash/UPI,Staffed,10,,,,Battery Smart,Battery swapping,8055300400,MAK Tyson Swapping station,"{'latitude': 28.6174, 'longitude': 77.0146}",08:00:00 - 20:00:00,10
"17/122, subhash nagar , ND - 110027",110027,16,New Delhi,22:00:00,,India,28.6796,77.206,08:00:00,Cash/UPI,Staffed,8,,,,Battery Smart,Battery swapping,8055300400,Tarun Parking,"{'latitude': 28.6796, 'longitude': 77.206}",08:00:00 - 22:00:00,8
"D-1055 rajeev nagar shahibabad gzb, up- 201102",201102,20,Ghaziabad,23:00:00,,India,28.6959,77.3287,06:00:00,Cash/UPI,Staffed,10,,,,Battery Smart,Battery swapping,8055300400,Shreyashish Power Station,"{'latitude': 28.6959, 'longitude': 77.3287}",06:00:00 - 23:00:00,10
"kirpa ram complex, MG road , sector 17, Gurugram 122001",122001,40,Gurgaon,22:00:00,,India,28.4755,77.0604,09:00:00,Cash/UPI,Staffed,20,,,,Battery Smart,Battery swapping,8055300400,BIOHUB INNOVATION PVT LTD,"{'latitude': 28.4755, 'longitude': 77.0604}",09:00:00 - 22:00:00,20
"Sablu Garhi Road, Rashid Ali Gate near by 21 peer.",201102,20,New Delhi,23:00:00,,India,28.7632,77.2951,06:00:00,Cash/UPI,Staffed,10,,,,Battery Smart,Battery swapping,8055300400,Abrar Parking,"{'latitude': 28.7632, 'longitude': 77.2951}",06:00:00 - 23:00:00,10
"A-93, village gazipur near cantener depot gate no.-1, Delhi- 110096",110096,12,New Delhi,23:00:00,,India,28.6754,77.2012,06:00:00,Cash/UPI,Staffed,6,,,,Battery Smart,Battery swapping,8055300400,S N Rickshaw Service,"{'latitude': 28.6754, 'longitude': 77.2012}",06:00:00 - 23:00:00,6
"63/1, Gali No. 36, Veer bazar road, Baprola, Nangli extension, Delhi -110041",110041,20,New Delhi,19:00:00,,India,28.6324,77.0192,07:00:00,Cash/UPI,Staffed,10,,,,Battery Smart,Battery swapping,8055300400,Maan Energy Station,"{'latitude': 28.6324, 'longitude': 77.0192}",07:00:00 - 19:00:00,10
"SD-88 ,SEC-45 NOIDA",201303,12,Noida,23:00:00,,India,28.55,77.3534,06:00:00,Cash/UPI,Staffed,6,,,,Battery Smart,Battery swapping,8055300400,lavi E- Rickshaw Repairing Centre,"{'latitude': 28.55, 'longitude': 77.3534}",06:00:00 - 23:00:00,6
"House no. 1, a khasra no. 595 and 275 ND- 110005",110005,40,New Delhi,22:00:00,,India,28.6646,77.173,08:00:00,Cash/UPI,Staffed,20,,,,Battery Smart,Battery swapping,8055300400,Tilak Raj Parking,"{'latitude': 28.6646, 'longitude': 77.173}",08:00:00 - 22:00:00,20
"House no-804, Sec 26, Rohini,Delhi-110089",110089,20,New Delhi,22:00:00,,India,28.6646,77.173,06:00:00,Cash/UPI,Staffed,10,,,,Battery Smart,Battery swapping,8055300400,Shree Ram Parking,"{'latitude': 28.6646, 'longitude': 77.173}",06:00:00 - 22:00:00,10
"141, Peer baba basti, Jaitpur village, New Delhi- 110044",110044,20,New Delhi,20:00:00,,India,28.6754,77.2012,08:00:00,Cash/UPI,Staffed,10,,,,Battery Smart,Battery swapping,8055300400,Jyoti Enterprises,"{'latitude': 28.6754, 'longitude': 77.2012}",08:00:00 - 20:00:00,10
"H no. 280, Gno. 3 , vikas nagar, near kirpal ashram , karnal - 132001",132001,40,Karnal,21:00:00,,India,29.6761,77.0155,08:00:00,Cash/UPI,Staffed,20,,,,Battery Smart,Battery swapping,8055300400,Shiv E Rickshaw Service Center,"{'latitude': 29.6761, 'longitude': 77.0155}",08:00:00 - 21:00:00,20
"F3JX+VF7, Sikanderpur, DLF Phase 1, Sector 26, Gurugram, Haryana 122002",122002,100,Gurgaon,22:00:00,,India,28.4822,77.0987,06:00:00,Cash/UPI,Staffed,50,,,,Battery Smart,Battery swapping,8055300400,Iguana Power,"{'latitude': 28.4822, 'longitude': 77.0987}",06:00:00 - 22:00:00,50
"House no. 418, kashmiri bagh, kishan ganj, ND - 110007",110007,12,New Delhi,23:00:00,,India,28.6654,77.1942,08:00:00,Cash/UPI,Staffed,6,,,,Battery Smart,Battery swapping,8055300400,Sushil Parking ,"{'latitude': 28.6654, 'longitude': 77.1942}",08:00:00 - 23:00:00,6
H block sec 11 pratap vihar vijay nagar,201009,12,Ghaziabad,23:00:00,,India,28.6796,77.206,06:00:00,Cash/UPI,Staffed,6,,,,Battery Smart,Battery swapping,8055300400,Ask Communication and Battery Dealer,"{'latitude': 28.6796, 'longitude': 77.206}",06:00:00 - 23:00:00,6
"3/3 A sec 44 ,noida ,block cb near some bazar",201009,20,Noida,23:00:00,,India,28.6394,77.4249,06:00:00,Cash/UPI,Staffed,10,,,,Battery Smart,Battery swapping,8055300400,Singh and Brother Auto Parts and Oil Point,"{'latitude': 28.6394, 'longitude': 77.4249}",06:00:00 - 23:00:00,10
"3/3 A sec 44 ,noida ,block cb near some bazar",201303,20,Noida,23:00:00,,India,28.5549,77.3414,06:00:00,Cash/UPI,Staffed,10,,,,Battery Smart,Battery swapping,8055300400,Chauhan Parking,"{'latitude': 28.5549, 'longitude': 77.3414}",06:00:00 - 23:00:00,10
"B 58 ,Shyam park sahibabad ghaziabad.",201005,20,Ghaziabad,23:00:00,,India,28.6795,77.3651,06:00:00,Cash/UPI,Staffed,10,,,,Battery Smart,Battery swapping,8055300400,Nandini Enterprises,"{'latitude': 28.6795, 'longitude': 77.3651}",06:00:00 - 23:00:00,10
"H. No. - 150, double storey, near shyam medical store, welcome seelampur |||, north east, delhi- 110053.",110053,20,New Delhi,20:00:00,,India,28.6724,77.2731,08:00:00,Cash/UPI,Staffed,10,,,,Battery Smart,Battery swapping,8055300400,Ananya Trading Company,"{'latitude': 28.6724, 'longitude': 77.2731}",08:00:00 - 20:00:00,10
"G-30, Ganeshpuri, Sahibabad, Gzb, - 201005",201005,20,Ghaziabad,21:00:00,,India,28.6822,77.3382,07:00:00,Cash/UPI,Staffed,10,,,,Battery Smart,Battery swapping,8055300400,Bhati E- rickshaw parking,"{'latitude': 28.6822, 'longitude': 77.3382}",07:00:00 - 21:00:00,10
"H.No-454,sec 12,mirzapur vijay nagar",201001,20,Ghaziabad,23:00:00,,India,28.6491,77.4117,06:00:00,Cash/UPI,Staffed,10,,,,Battery Smart,Battery swapping,8055300400,R S LANGAR LABOUR JOB and Rickshaw Parking,"{'latitude': 28.6491, 'longitude': 77.4117}",06:00:00 - 23:00:00,10
"N19A,201,JJColony ,Wazirpur,Delhi-110052",110052,20,New Delhi,22:00:00,,India,28.459,77.054,07:00:00,Cash/UPI,Staffed,10,,,,Battery Smart,Battery swapping,8055300400,Rehan Charging Point,"{'latitude': 28.459, 'longitude': 77.054}",07:00:00 - 22:00:00,10
"Raj roop plot no. 82, arjun nagar ext. ,Nd - 110041",110041,20,New Delhi,22:00:00,,India,28.6535,77.0703,08:00:00,Cash/UPI,Staffed,10,,,,Battery Smart,Battery swapping,8055300400,Hybrid fleet,"{'latitude': 28.6535, 'longitude': 77.0703}",08:00:00 - 22:00:00,10
"Kh no-1069 ,Village Bhalaswa,Delhi-110033",122015,40,New Delhi,22:00:00,,India,28.4421,77.0652,06:00:00,Cash/UPI,Staffed,20,,,,Battery Smart,Battery swapping,8055300400,Yadav Parking,"{'latitude': 28.4421, 'longitude': 77.0652}",06:00:00 - 22:00:00,20
30/487 cartoday ground floor dilshad garden,110095,20,New Delhi,21:00:00,,India,28.4555,77.0219,09:00:00,Cash/UPI,Staffed,10,,,,Battery Smart,Battery swapping,8055300400,Car Today ,"{'latitude': 28.4555, 'longitude': 77.0219}",09:00:00 - 21:00:00,10
"4/98, new vishwas nagar - 110032",110032,20,New Delhi,23:00:00,,India,28.6796,77.206,08:00:00,Cash/UPI,Staffed,10,,,,Battery Smart,Battery swapping,8055300400,Pal & Sons Charging Point,"{'latitude': 28.6796, 'longitude': 77.206}",08:00:00 - 23:00:00,10
"Shop no 19 A, Wazirpur Rd, JJ Colony, Delhi-110052",110052,40,New Delhi,22:00:00,,India,29.2829,77.0071,07:00:00,Cash/UPI,Staffed,20,,,,Battery Smart,Battery swapping,8055300400,Jai Durga Charging Point ,"{'latitude': 29.2829, 'longitude': 77.0071}",07:00:00 - 22:00:00,20
"Gate no. 12, jama masjid complex, jama masjid , ND-110006",110006,12,New Delhi,22:00:00,,India,28.7129,77.1813,08:00:00,Cash/UPI,Staffed,6,,,,Battery Smart,Battery swapping,8055300400,Rehmat Parking ,"{'latitude': 28.7129, 'longitude': 77.1813}",08:00:00 - 22:00:00,6
"Power House Rd, Block AD, Dakshini Pitampura, Pitam Pura, Delhi, 110034",110034,100,New Delhi,21:30:00,,India,28.708,77.1361,07:00:00,Cash/UPI,Staffed,50,,,,Battery Smart,Battery swapping,8055300400,Tata Power PP1,"{'latitude': 28.708, 'longitude': 77.1361}",07:00:00 - 21:30:00,50
"Bhalswa Dairy, Jahangirpura, New Delhi, 110045",110045,20,New Delhi,21:00:00,,India,28.7471,77.1629,08:00:00,Cash/UPI,Staffed,10,,,,Battery Smart,Battery swapping,8055300400,Aniket E Rickshaw Swapping Point,"{'latitude': 28.7471, 'longitude': 77.1629}",08:00:00 - 21:00:00,10
"Plot no 1, Khasra no 4//3, Shiv Vihar, Delhi-110041",110041,12,New Delhi,22:00:00,,India,28.6469,77.0529,08:00:00,Cash/UPI,Staffed,6,,,,Battery Smart,Battery swapping,8055300400,ML Parking ,"{'latitude': 28.6469, 'longitude': 77.0529}",08:00:00 - 22:00:00,6
"Shop No. - 3, WC-2, Near Yadav Market,Village Shakurpur,New Delhi",110034,,New Delhi,20:00:00,,INDIA,,,08:00:00,Cash/E Wallet,STAFFED,80,,,CDEL00002,Echargeup,Battery swapping,,,"{'latitude': '', 'longitude': ''}",08:00:00 - 20:00:00,80
"A-2/66, GF,New Kondli,Delhi",110096,,New Delhi,20:00:00,,INDIA,,,08:00:00,Cash/E Wallet,STAFFED,150,,,CDEL00001,Echargeup,Battery swapping,,,"{'latitude': '', 'longitude': ''}",08:00:00 - 20:00:00,150
"WZ-455, Azadpur,Near Rikshaw stand New Delhi",110033,,New Delhi,20:00:00,,INDIA,,,08:00:00,Cash/E Wallet,STAFFED,85,,,CDEL00006,Echargeup,Battery swapping,,,"{'latitude': '', 'longitude': ''}",08:00:00 - 20:00:00,85
"H. No. WPX-219, Wazirpur Village,Delhi",110052,,New Delhi,20:00:00,,INDIA,,,08:00:00,Cash/E Wallet,STAFFED,150,,,CDEL00007,Echargeup,Battery swapping,,,"{'latitude': '', 'longitude': ''}",08:00:00 - 20:00:00,150
"A-8A, East Nathu Colony Chowk 100 Ft. Road,Pillar No.07,Sahadara,Delhi",110093,,New Delhi,20:00:00,,INDIA,,,08:00:00,Cash/E Wallet,STAFFED,45,,,CDEL00008,Echargeup,Battery swapping,,,"{'latitude': '', 'longitude': ''}",08:00:00 - 20:00:00,45
"Plot No.7, Zakhira Chowk,Near Ram Dharam Katta,Delhi",110015,,New Delhi,20:00:00,,INDIA,,,08:00:00,Cash/E Wallet,STAFFED,75,,,CDEL00009,Echargeup,Battery swapping,,,"{'latitude': '', 'longitude': ''}",08:00:00 - 20:00:00,75
"8812/14 Shidipura Raja Lane,New Rohtak Road,new Delhi",110005,,New Delhi,20:00:00,,INDIA,,,08:00:00,Cash/E Wallet,STAFFED,150,,,CDEL00003,Echargeup,Battery swapping,,,"{'latitude': '', 'longitude': ''}",08:00:00 - 20:00:00,150
"H. No. 4, Pocket -15A, FF,Rohini,North West Delhi",110085,,New Delhi,20:00:00,,INDIA,,,08:00:00,Cash/E Wallet,STAFFED,70,,,CDEL00010,Echargeup,Battery swapping,,,"{'latitude': '', 'longitude': ''}",08:00:00 - 20:00:00,70
"4/2407, Main Road, Opp. Gali No. 13 , Bihari Colony,Shahdara,Delhi",110032,,New Delhi,20:00:00,,INDIA,,,08:00:00,Cash/E Wallet,STAFFED,120,,,CDEL00005,Echargeup,Battery swapping,,,"{'latitude': '', 'longitude': ''}",08:00:00 - 20:00:00,120
"B-675 Bunkar Colony,Ashok Vihar Phase-4,New Delhi",110052,,New Delhi,20:00:00,,INDIA,,,08:00:00,Cash/E Wallet,STAFFED,30,,,CDEL00013,Echargeup,Battery swapping,,,"{'latitude': '', 'longitude': ''}",08:00:00 - 20:00:00,30
"1354 , 2nd Floor,Multani Mohalla,RaniBagh,North West Delhi",110034,,New Delhi,20:00:00,,INDIA,,,08:00:00,Cash/E Wallet,STAFFED,30,,,CDEL00015,Echargeup,Battery swapping,,,"{'latitude': '', 'longitude': ''}",08:00:00 - 20:00:00,30
"Village Shakurpur, New Delhi",110034,,New Delhi,20:00:00,,INDIA,,,08:00:00,Cash/E Wallet,STAFFED,80,,,CDEL00097,Echargeup,Battery swapping,,,"{'latitude': '', 'longitude': ''}",08:00:00 - 20:00:00,80
"H. No.-C-5, KH. No. -566, G.F, Rajiv Nagar, Bhalswa Dairy, New Delhi ",110042,,New Delhi,20:00:00,,INDIA,,,08:00:00,Cash/E Wallet,STAFFED,30,,,CDEL00019,Echargeup,Battery swapping,,,"{'latitude': '', 'longitude': ''}",08:00:00 - 20:00:00,30
"Pooth kalan village near Brahm shakti Hospital, Budh Vihar, New Delhi",110086,,New Delhi,20:00:00,,INDIA,,,08:00:00,Cash/E Wallet,STAFFED,30,,,CDEL00017,Echargeup,Battery swapping,,,"{'latitude': '', 'longitude': ''}",08:00:00 - 20:00:00,30
CW579 Sanjay Gandhi Transport Nager,110042,,New Delhi,20:00:00,,INDIA,,,08:00:00,Cash/E Wallet,STAFFED,30,,,CDEL00014,Echargeup,Battery swapping,,,"{'latitude': '', 'longitude': ''}",08:00:00 - 20:00:00,30
"RZG 75 , 50 FOOT ROAD ( near Jay Veer Nan, Bharat Hospital ),Nihal Vihar Nangloi",110041,,New Delhi,20:00:00,,INDIA,,,08:00:00,Cash/E Wallet,STAFFED,30,,,CDEL00021,Echargeup,Battery swapping,,,"{'latitude': '', 'longitude': ''}",08:00:00 - 20:00:00,30
"76A Than singh nager Anand Parbat,Karol Bhag-Near BSES Office, New Delhi",110005,,New Delhi,20:00:00,,INDIA,,,08:00:00,Cash/E Wallet,STAFFED,30,,,CDEL00022,Echargeup,Battery swapping,,,"{'latitude': '', 'longitude': ''}",08:00:00 - 20:00:00,30
"B-9 Tihar Village ,Manak Vihar, Ext-Tilak Nagar ,West Delhi ",110018,,New Delhi,20:00:00,,INDIA,,,08:00:00,Cash/E Wallet,STAFFED,30,,,CDEL00024,Echargeup,Battery swapping,,,"{'latitude': '', 'longitude': ''}",08:00:00 - 20:00:00,30
"H.NO-192 kumhar wali gali Rampura,Trinagar",110035,,New Delhi,20:00:00,,INDIA,,,08:00:00,Cash/E Wallet,STAFFED,30,,,CDEL00023,Echargeup,Battery swapping,,,"{'latitude': '', 'longitude': ''}",08:00:00 - 20:00:00,30
"76A Than singh nager Anand Parbat,Karol Bhag-Near BSES Office, New Delhi",110005,,New Delhi,20:00:00,,INDIA,,,08:00:00,Cash/E Wallet,STAFFED,30,,,CDEL00022,Echargeup,Battery swapping,,,"{'latitude': '', 'longitude': ''}",08:00:00 - 20:00:00,30
"WZ-4202,A/2,Sant Nager ,Rani Bhag",110034,,New Delhi,20:00:00,,INDIA,,,08:00:00,Cash/E Wallet,STAFFED,30,,,CDEL00026,Echargeup,Battery swapping,,,"{'latitude': '', 'longitude': ''}",08:00:00 - 20:00:00,30
"E-7, Janta Majdoor Colony",110032,,New Delhi,20:00:00,,INDIA,,,08:00:00,Cash/E Wallet,STAFFED,30,,,CDEL00028,Echargeup,Battery swapping,,,"{'latitude': '', 'longitude': ''}",08:00:00 - 20:00:00,30
D-51 North Ghonda Yamuna Vihar Road,110053,,New Delhi,20:00:00,,INDIA,,,08:00:00,Cash/E Wallet,STAFFED,30,,,CDEL00031,Echargeup,Battery swapping,,,"{'latitude': '', 'longitude': ''}",08:00:00 - 20:00:00,30
"A-1/119, Gali no - 4, Harsh Vihar",110093,,New Delhi,20:00:00,,INDIA,,,08:00:00,Cash/E Wallet,STAFFED,30,,,CDEL00029,Echargeup,Battery swapping,,,"{'latitude': '', 'longitude': ''}",08:00:00 - 20:00:00,30
"P.S.Bhawan, A-25, G.T.Karnal Road, Industrial Area",110033,,New Delhi,20:00:00,,INDIA,,,08:00:00,Cash/E Wallet,STAFFED,30,,,CDEL00032,Echargeup,Battery swapping,,,"{'latitude': '', 'longitude': ''}",08:00:00 - 20:00:00,30
"Shop No13 D.D.A Market Near Gagan Cinema , Nand Nagari ",110093,,New Delhi,20:00:00,,INDIA,,,08:00:00,Cash/E Wallet,STAFFED,30,,,CDEL00030,Echargeup,Battery swapping,,,"{'latitude': '', 'longitude': ''}",08:00:00 - 20:00:00,30
S/0 MR.YUSUF ALI E-49/G-2 JANTA MAZDOOR COLONY Welcome Seelampur,110053,,New Delhi,20:00:00,,INDIA,,,08:00:00,Cash/E Wallet,STAFFED,30,,,CDEL00033,Echargeup,Battery swapping,,,"{'latitude': '', 'longitude': ''}",08:00:00 - 20:00:00,30
"E-8 ,Main wazirabad road ,chand bagh, opp bhanjanpura petrol pump",110094,,New Delhi,20:00:00,,INDIA,,,08:00:00,Cash/E Wallet,STAFFED,30,,,CDEL00034,Echargeup,Battery swapping,,,"{'latitude': '', 'longitude': ''}",08:00:00 - 20:00:00,30
WZ-396 Shakurpur Village Delhi ,110034,,New Delhi,20:00:00,,INDIA,,,08:00:00,Cash/E Wallet,STAFFED,30,,,CDEL00036,Echargeup,Battery swapping,,,"{'latitude': '', 'longitude': ''}",08:00:00 - 20:00:00,30
A-1/120 SEC-17 Rohini,110089,,New Delhi,20:00:00,,INDIA,,,08:00:00,Cash/E Wallet,STAFFED,30,,,CDEL00039,Echargeup,Battery swapping,,,"{'latitude': '', 'longitude': ''}",08:00:00 - 20:00:00,30
"J-2/67Sanjay Market,J.J Colony,Wazirpur,Delhi, Pincode",110052,,New Delhi,20:00:00,,INDIA,,,08:00:00,Cash/E Wallet,STAFFED,30,,,CDEL00043,Echargeup,Battery swapping,,,"{'latitude': '', 'longitude': ''}",08:00:00 - 20:00:00,30
"Ground Floor, WZ 107/1-B, Gali No - 21, Sant Garh",110018,,New Delhi,20:00:00,,INDIA,,,08:00:00,Cash/E Wallet,STAFFED,30,,,CDEL00040,Echargeup,Battery swapping,,,"{'latitude': '', 'longitude': ''}",08:00:00 - 20:00:00,30
"E-104,Shakurpur,J.J Colony Delhi",110034,,New Delhi,20:00:00,,INDIA,,,08:00:00,Cash/E Wallet,STAFFED,30,,,CDEL00045,Echargeup,Battery swapping,,,"{'latitude': '', 'longitude': ''}",08:00:00 - 20:00:00,30
"371, Gali no-7 village gopalpur",110009,,New Delhi,20:00:00,,INDIA,,,08:00:00,Cash/E Wallet,STAFFED,30,,,CDEL00046,Echargeup,Battery swapping,,,"{'latitude': '', 'longitude': ''}",08:00:00 - 20:00:00,30
"Mayur Vihar Phase-3 ,Delhi",110096,,New Delhi,20:00:00,,INDIA,,,08:00:00,Cash/E Wallet,STAFFED,30,,,CDEL00047,Echargeup,Battery swapping,,,"{'latitude': '', 'longitude': ''}",08:00:00 - 20:00:00,30
"C-76,Ramgarh jahangirpuri ,Metro Peelar No 133",110033,,New Delhi,20:00:00,,INDIA,,,08:00:00,Cash/E Wallet,STAFFED,30,,,CDEL00049,Echargeup,Battery swapping,,,"{'latitude': '', 'longitude': ''}",08:00:00 - 20:00:00,30
"Residential Address - 37B,Wazirpur Village , Ashok Vihar ,Delhi ",110052,,New Delhi,20:00:00,,INDIA,,,08:00:00,Cash/E Wallet,STAFFED,30,,,CDEL00052,Echargeup,Battery swapping,,,"{'latitude': '', 'longitude': ''}",08:00:00 - 20:00:00,30
"N-19A/278 , J-3,T-HUT,J.J Colony,Wazirpur , Ashok Vihar Delhi",110052,,New Delhi,20:00:00,,INDIA,,,08:00:00,Cash/E Wallet,STAFFED,30,,,CDEL00054,Echargeup,Battery swapping,,,"{'latitude': '', 'longitude': ''}",08:00:00 - 20:00:00,30
"E-49/H-73,Janta Mazdoor Colony ,Delhi",110053,,New Delhi,20:00:00,,INDIA,,,08:00:00,Cash/E Wallet,STAFFED,30,,,CDEL00055,Echargeup,Battery swapping,,,"{'latitude': '', 'longitude': ''}",08:00:00 - 20:00:00,30
"Shop No 6, Samrat Chowk ,Sec-12 Vijay Nagar Pin Code",201009,,New Delhi,20:00:00,,INDIA,,,08:00:00,Cash/E Wallet,STAFFED,30,,,CGZB00001,Echargeup,Battery swapping,,,"{'latitude': '', 'longitude': ''}",08:00:00 - 20:00:00,30
"N-19A,201 ,J.J.Colony,Zakhirpur Pincode",110052,,New Delhi,20:00:00,,INDIA,,,08:00:00,Cash/E Wallet,STAFFED,30,,,CDEL00058,Echargeup,Battery swapping,,,"{'latitude': '', 'longitude': ''}",08:00:00 - 20:00:00,30
"Shop No 13, Mata Colony Vijay Nagar ,Ghaziabad Pincode",201009,,New Delhi,20:00:00,,INDIA,,,08:00:00,Cash/E Wallet,STAFFED,30,,,CGZB00002,Echargeup,Battery swapping,,,"{'latitude': '', 'longitude': ''}",08:00:00 - 20:00:00,30
"C-514, Madipur Colony ,Paschim Vihar , West Delhi ",110063,,New Delhi,20:00:00,,INDIA,,,08:00:00,Cash/E Wallet,STAFFED,30,,,CDEL00059,Echargeup,Battery swapping,,,"{'latitude': '', 'longitude': ''}",08:00:00 - 20:00:00,30
"Shop No C12, LSC Market ,Road No 33,Punjabi Bagh ,Near Paschim Petrol Pump",110026,,New Delhi,20:00:00,,INDIA,,,08:00:00,Cash/E Wallet,STAFFED,30,,,CDEL00061,Echargeup,Battery swapping,,,"{'latitude': '', 'longitude': ''}",08:00:00 - 20:00:00,30
"Shop No 4,76,Abhay Khand -1,Indirapuram,Gzb,UP",201014,,New Delhi,20:00:00,,INDIA,,,08:00:00,Cash/E Wallet,STAFFED,30,,,CGZB00004,Echargeup,Battery swapping,,,"{'latitude': '', 'longitude': ''}",08:00:00 - 20:00:00,30
"K-5 Extn. Mohan Garden Vikrant Chowk ,OPP R.P Memorial School ,Uttam Nagar New Delhi ",110059,,New Delhi,20:00:00,,INDIA,,,08:00:00,Cash/E Wallet,STAFFED,30,,,CDEL00063,Echargeup,Battery swapping,,,"{'latitude': '', 'longitude': ''}",08:00:00 - 20:00:00,30
"G BLOCK ,KASIPURA SCHOOL NAGRI DAIRY NAJAFGARH",110043,,New Delhi,20:00:00,,INDIA,,,08:00:00,Cash/E Wallet,STAFFED,20,,,CDEL00064,Echargeup,Battery swapping,,,"{'latitude': '', 'longitude': ''}",08:00:00 - 20:00:00,20
"1261/3 Naiwala ,karol Bagh New Delhi",110005,,New Delhi,20:00:00,,INDIA,,,08:00:00,Cash/E Wallet,STAFFED,20,,,CDEL00065,Echargeup,Battery swapping,,,"{'latitude': '', 'longitude': ''}",08:00:00 - 20:00:00,20
"46-A G/F No-5 Gali Noo-1 Near kashi ram dairy,kabir nager ,shahdara EAST Delhi",110094,,New Delhi,20:00:00,,INDIA,,,08:00:00,Cash/E Wallet,STAFFED,20,,,CDEL00068,Echargeup,Battery swapping,,,"{'latitude': '', 'longitude': ''}",08:00:00 - 20:00:00,20
"523/24, Block WZ, Basai Darapur,Near Ramesh NagarMetro Station",110015,,New Delhi,20:00:00,,INDIA,,,08:00:00,Cash/E Wallet,STAFFED,20,,,CDEL00072,Echargeup,Battery swapping,,,"{'latitude': '', 'longitude': ''}",08:00:00 - 20:00:00,20
"house no-8, ward no-29 near govt school, silokhra gurgaon",122001,,New Delhi,20:00:00,,INDIA,,,08:00:00,Cash/E Wallet,STAFFED,20,,,CGGN0002,Echargeup,Battery swapping,,,"{'latitude': '', 'longitude': ''}",08:00:00 - 20:00:00,20
"Near munjal showa company, anath road, sarhol village, gurugram ",122001,,New Delhi,20:00:00,,INDIA,,,08:00:00,Cash/E Wallet,STAFFED,20,,,CGGN0003,Echargeup,Battery swapping,,,"{'latitude': '', 'longitude': ''}",08:00:00 - 20:00:00,20
280-B Street no-4 sri nager shakur basti Delhi - 110034,110059,,New Delhi,20:00:00,,INDIA,,,08:00:00,Cash/E Wallet,STAFFED,20,,,CDEL00075,Echargeup,Battery swapping,,,"{'latitude': '', 'longitude': ''}",08:00:00 - 20:00:00,20
"215 shastri park E-block near kundan petrol pump, Delhi -110053",110053,,New Delhi,20:00:00,,INDIA,,,08:00:00,Cash/E Wallet,STAFFED,20,,,CDEL00078,Echargeup,Battery swapping,,,"{'latitude': '', 'longitude': ''}",08:00:00 - 20:00:00,20
kailash nagar near by bhadwaj school Ghaziabad,201001,,New Delhi,20:00:00,,INDIA,,,08:00:00,Cash/E Wallet,STAFFED,20,,,CGZB00006,Echargeup,Battery swapping,,,"{'latitude': '', 'longitude': ''}",08:00:00 - 20:00:00,20
House no. 11A Near janta flat pitampura village,110034,,New Delhi,20:00:00,,INDIA,,,08:00:00,Cash/E Wallet,STAFFED,20,,,CDEL00080,Echargeup,Battery swapping,,,"{'latitude': '', 'longitude': ''}",08:00:00 - 20:00:00,20
"Sikander Pur Ghosi, Opposite Rapid Metro Station, Gate No-2, Gurugram Haryana",122002,,New Delhi,20:00:00,,INDIA,,,08:00:00,Cash/E Wallet,STAFFED,20,,,CGGN0004,Echargeup,Battery swapping,,,"{'latitude': '', 'longitude': ''}",08:00:00 - 20:00:00,20
"A-3, Ranjeet Vihar, Pratap Shah Market, Near Sharma Hardware, New Delhi ",110041,,New Delhi,20:00:00,,INDIA,,,08:00:00,Cash/E Wallet,STAFFED,20,,,CDEL00081,Echargeup,Battery swapping,,,"{'latitude': '', 'longitude': ''}",08:00:00 - 20:00:00,20
"1/1 , Shop No.-1, Som Bazar Road, Ashok Nagar",110018,,New Delhi,20:00:00,,INDIA,,,08:00:00,Cash/E Wallet,STAFFED,20,,,CDEL00089,Echargeup,Battery swapping,,,"{'latitude': '', 'longitude': ''}",08:00:00 - 20:00:00,20
"H. No.-239, Double Sotrey,Welcome Seelampur Phase-3",110053,,New Delhi,20:00:00,,INDIA,,,08:00:00,Cash/E Wallet,STAFFED,20,,,CDEL00090,Echargeup,Battery swapping,,,"{'latitude': '', 'longitude': ''}",08:00:00 - 20:00:00,20
"9/14, Ground Floor,Near Hotel Bharat Palace Old RajenderNagar",110060,,New Delhi,20:00:00,,INDIA,,,08:00:00,Cash/E Wallet,STAFFED,20,,,CDEL00010,Echargeup,Battery swapping,,,"{'latitude': '', 'longitude': ''}",08:00:00 - 20:00:00,20
"17/57, E Ground floor, Plot No-10, Gadobia Road, Anand Parvat, New Delhi",110005,,New Delhi,20:00:00,,INDIA,,,08:00:00,Cash/E Wallet,STAFFED,20,,,CDEL00083,Echargeup,Battery swapping,,,"{'latitude': '', 'longitude': ''}",08:00:00 - 20:00:00,20
"Shop No.12, Shalimar Garden, A-1, Shivanam Apartment, Ghaziabad",201005,,New Delhi,20:00:00,,INDIA,,,08:00:00,Cash/E Wallet,STAFFED,20,,,CGZB00007,Echargeup,Battery swapping,,,"{'latitude': '', 'longitude': ''}",08:00:00 - 20:00:00,20
"House No-8, Village Gharoli, Nearby Prithvi Raj Modern School, East Delhi",110096,,New Delhi,20:00:00,,INDIA,,,08:00:00,Cash/E Wallet,STAFFED,20,,,CDEL00084,Echargeup,Battery swapping,,,"{'latitude': '', 'longitude': ''}",08:00:00 - 20:00:00,20
"H-106, JJ Colony, Wazirpur Delhi",110052,,New Delhi,20:00:00,,INDIA,,,08:00:00,Cash/E Wallet,STAFFED,20,,,CDEL00085,Echargeup,Battery swapping,,,"{'latitude': '', 'longitude': ''}",08:00:00 - 20:00:00,20
"R-51A,J.J Colony Raghubir Nagar rajori Garden,Tagore Garden",110027,,New Delhi,20:00:00,,INDIA,,,08:00:00,Cash/E Wallet,STAFFED,15,,,CDEL00025,Echargeup,Battery swapping,,,"{'latitude': '', 'longitude': ''}",08:00:00 - 20:00:00,15
"Shop No-593, 60- Feet Road, Idgah road, Garima Anjali School, Sahibabad, Ghaziabad",201005,,New Delhi,20:00:00,,INDIA,,,08:00:00,Cash/E Wallet,STAFFED,15,,,CGZB00008,Echargeup,Battery swapping,,,"{'latitude': '', 'longitude': ''}",08:00:00 - 20:00:00,15
"RZ-728, Rajnagar, Part-2, Palam Village, New Delhi",110077,,New Delhi,20:00:00,,INDIA,,,08:00:00,Cash/E Wallet,STAFFED,15,,,CDEL00087,Echargeup,Battery swapping,,,"{'latitude': '', 'longitude': ''}",08:00:00 - 20:00:00,15
"15-A,LIG Flats, Tulsi Niketan, Bhopra Ghaziabad",201005,,New Delhi,20:00:00,,INDIA,,,08:00:00,Cash/E Wallet,STAFFED,15,,,CGZB00010,Echargeup,Battery swapping,,,"{'latitude': '', 'longitude': ''}",08:00:00 - 20:00:00,15
"3/119, Subhash Nagar, West Delhi",110027,,New Delhi,20:00:00,,INDIA,,,08:00:00,Cash/E Wallet,STAFFED,15,,,CDEL00088,Echargeup,Battery swapping,,,"{'latitude': '', 'longitude': ''}",08:00:00 - 20:00:00,15
"Shop No-8, Sharma Market, Opposite Karan Gate police Chowki, Sahibabad, Ghaziabad",201005,,New Delhi,20:00:00,,INDIA,,,08:00:00,Cash/E Wallet,STAFFED,15,,,CGZB00011,Echargeup,Battery swapping,,,"{'latitude': '', 'longitude': ''}",08:00:00 - 20:00:00,15
"H-92, Sector-12, Pratap Vihar, Ghaziabad",201009,,New Delhi,20:00:00,,INDIA,,,08:00:00,Cash/E Wallet,STAFFED,15,,,CGZB00012,Echargeup,Battery swapping,,,"{'latitude': '', 'longitude': ''}",08:00:00 - 20:00:00,15
"Shop No-8, Old bus stand,Ambedkar Road Ghaziabad, UP",201001,,New Delhi,20:00:00,,INDIA,,,08:00:00,Cash/E Wallet,STAFFED,15,,,CGZB00013,Echargeup,Battery swapping,,,"{'latitude': '', 'longitude': ''}",08:00:00 - 20:00:00,15
"741, Kailash Nagar, Ghaziabad",201001,,New Delhi,20:00:00,,INDIA,,,08:00:00,Cash/E Wallet,STAFFED,15,,,CGZB00014,Echargeup,Battery swapping,,,"{'latitude': '', 'longitude': ''}",08:00:00 - 20:00:00,15
"Shop No-14,Bihari Market, Sector-3, Vaishali, Ghaziabad",201019,,New Delhi,20:00:00,,INDIA,,,08:00:00,Cash/E Wallet,STAFFED,15,,,CGZB00015,Echargeup,Battery swapping,,,"{'latitude': '', 'longitude': ''}",08:00:00 - 20:00:00,15
B-5 basement shalimar garden ext II near gaur plaza Sahibabad Ghaziabad,201005,,New Delhi,20:00:00,,INDIA,,,08:00:00,Cash/E Wallet,STAFFED,15,,,CGZB00016,Echargeup,Battery swapping,,,"{'latitude': '', 'longitude': ''}",08:00:00 - 20:00:00,15
"J-A/4, Patel Nagar-Ist, Old Bus Stand, Ghaziabad, UP",201001,,New Delhi,20:00:00,,INDIA,,,08:00:00,Cash/E Wallet,STAFFED,15,,,CGZB00018,Echargeup,Battery swapping,,,"{'latitude': '', 'longitude': ''}",08:00:00 - 20:00:00,15
"Shop No-SQ-1, old bus stand, Central market, Ghaziabad",201001,,New Delhi,20:00:00,,INDIA,,,08:00:00,Cash/E Wallet,STAFFED,15,,,CGZB00019,Echargeup,Battery swapping,,,"{'latitude': '', 'longitude': ''}",08:00:00 - 20:00:00,15
"Shop No-9 B, Rahul Garden Village, Bheta Hajipur tehsil loni, distt, Ghaziabad, Uttar Pradesh",201102,,New Delhi,20:00:00,,INDIA,,,08:00:00,Cash/E Wallet,STAFFED,15,,,CGZB00020,Echargeup,Battery swapping,,,"{'latitude': '', 'longitude': ''}",08:00:00 - 20:00:00,15
"Shop No-2, Plot No.1, Naveen Park Sahibabad,Ghaziabad, UP",201005,,New Delhi,20:00:00,,INDIA,,,08:00:00,Cash/E Wallet,STAFFED,15,,,CGZB00021,Echargeup,Battery swapping,,,"{'latitude': '', 'longitude': ''}",08:00:00 - 20:00:00,15
"17/20, First Floor, Near Arjun Hospital,Subhash Nagar, West Delhi",110027,,New Delhi,20:00:00,,INDIA,,,08:00:00,Cash/E Wallet,STAFFED,15,,,CDEL00094,Echargeup,Battery swapping,,,"{'latitude': '', 'longitude': ''}",08:00:00 - 20:00:00,15
"House No-120 A, Raja Vihar Samaypur Badli, Delhi",110042,,New Delhi,20:00:00,,INDIA,,,08:00:00,Cash/E Wallet,STAFFED,15,,,CDEL00095,Echargeup,Battery swapping,,,"{'latitude': '', 'longitude': ''}",08:00:00 - 20:00:00,15
"RZ-19c/Za, Gali no-3, Main Sagar Pur, South West Delhi",110046,,New Delhi,20:00:00,,INDIA,,,08:00:00,Cash/E Wallet,STAFFED,15,,,CDEL00096,Echargeup,Battery swapping,,,"{'latitude': '', 'longitude': ''}",08:00:00 - 20:00:00,15
"Plot No-1 A, KH No-4/3 Shiv Vihar, Pole No.-0596, Nangloi New Delhi",110041,,New Delhi,20:00:00,,INDIA,,,08:00:00,Cash/E Wallet,STAFFED,15,,,CDEL00109,Echargeup,Battery swapping,,,"{'latitude': '', 'longitude': ''}",08:00:00 - 20:00:00,15
"Shop no 4- Old Delhi Gurugram Road,Opp CNG Station, Near Hyatt Palace Hotel, Gurugram, Haryana",122016,,New Delhi,20:00:00,,INDIA,,,08:00:00,Cash/E Wallet,STAFFED,15,,,CGGN0005,Echargeup,Battery swapping,,,"{'latitude': '', 'longitude': ''}",08:00:00 - 20:00:00,15
"A-22 Sewak Park, Main Drwarka Road, Near Dwarka More, Uttam Nagar Delhi-",110059,,New Delhi,20:00:00,,INDIA,,,08:00:00,Cash/E Wallet,STAFFED,15,,,CDEL00098,Echargeup,Battery swapping,,,"{'latitude': '', 'longitude': ''}",08:00:00 - 20:00:00,15
"B-21-A, G/F Patel, Garden Uttam Nagar, New Delhi",110078,,New Delhi,20:00:00,,INDIA,,,08:00:00,Cash/E Wallet,STAFFED,15,,,CDEL00099,Echargeup,Battery swapping,,,"{'latitude': '', 'longitude': ''}",08:00:00 - 20:00:00,15
"I-46, Sector -9, Noida, Gautam Budh Nagar, Uttar Pradesh",201301,,New Delhi,20:00:00,,INDIA,,,08:00:00,Cash/E Wallet,STAFFED,15,,,CNOI0001,Echargeup,Battery swapping,,,"{'latitude': '', 'longitude': ''}",08:00:00 - 20:00:00,15
"Ground Floor , Floor Gate No.3, Rithala Metro Station, Area Covered by Green Fence, Village City",110085,,New Delhi,20:00:00,,INDIA,,,08:00:00,Cash/E Wallet,STAFFED,15,,,CDEL00100,Echargeup,Battery swapping,,,"{'latitude': '', 'longitude': ''}",08:00:00 - 20:00:00,15
"Ground Floor, Floor Gate No. 2, Shakurpur City, Delhi",110034,,New Delhi,20:00:00,,INDIA,,,08:00:00,Cash/E Wallet,STAFFED,15,,,CDEL00101,Echargeup,Battery swapping,,,"{'latitude': '', 'longitude': ''}",08:00:00 - 20:00:00,15
"Plot No-5, Kh no-28/1, Old Palam Road, Sulahkul vihar, Kakrola",110078,,New Delhi,20:00:00,,INDIA,,,08:00:00,Cash/E Wallet,STAFFED,15,,,CDEL00102,Echargeup,Battery swapping,,,"{'latitude': '', 'longitude': ''}",08:00:00 - 20:00:00,15
"D-245, Gali No-9, Rajeev Nagar Ghaziabad UP",201005,,New Delhi,20:00:00,,INDIA,,,08:00:00,Cash/E Wallet,STAFFED,10,,,CGZB00022,Echargeup,Battery swapping,,,"{'latitude': '', 'longitude': ''}",08:00:00 - 20:00:00,10
"A-870/2, Acharaya Puri, Mata Road, Gurugram",122001,,New Delhi,20:00:00,,INDIA,,,08:00:00,Cash/E Wallet,STAFFED,10,,,CGGN0006,Echargeup,Battery swapping,,,"{'latitude': '', 'longitude': ''}",08:00:00 - 20:00:00,10
"Shop No-M-19, DDA, Market Shakurpur Village, Delhi",110034,,New Delhi,20:00:00,,INDIA,,,08:00:00,Cash/E Wallet,STAFFED,10,,,CDEL00103,Echargeup,Battery swapping,,,"{'latitude': '', 'longitude': ''}",08:00:00 - 20:00:00,10
"B 13/ KH, 24/7/2, Vikas Vihar, Kakrola New Delhi-110043",110043,,New Delhi,20:00:00,,INDIA,,,08:00:00,Cash/E Wallet,STAFFED,10,,,CDEL00104,Echargeup,Battery swapping,,,"{'latitude': '', 'longitude': ''}",08:00:00 - 20:00:00,10
"KH No-58, Ground Floor BLK-A, Swami Sharda Nand Colony, Village Balswa Dairy Landmark Near Kali Mata Mandir, Delhi",110042,,New Delhi,20:00:00,,INDIA,,,08:00:00,Cash/E Wallet,STAFFED,10,,,CDEL00105,Echargeup,Battery swapping,,,"{'latitude': '', 'longitude': ''}",08:00:00 - 20:00:00,10
"KH-No-61/24,PP No-167, C-Block, Main Goyla Road, Qutub Vihar-PH-I, Najafgarh, New Delhi",110071,,New Delhi,20:00:00,,INDIA,,,08:00:00,Cash/E Wallet,STAFFED,10,,,CDEL00106,Echargeup,Battery swapping,,,"{'latitude': '', 'longitude': ''}",08:00:00 - 20:00:00,10
"A-52, Street No-5, KH-800,/697, East Nathu Colony, Delhi",110093,,New Delhi,20:00:00,,INDIA,,,08:00:00,Cash/E Wallet,STAFFED,10,,,CDEL00107,Echargeup,Battery swapping,,,"{'latitude': '', 'longitude': ''}",08:00:00 - 20:00:00,10
"DSS-08-, Sector-10, Near Euro International School Gurugram",122001,,New Delhi,20:00:00,,INDIA,,,08:00:00,Cash/E Wallet,STAFFED,10,,,CGGN0007,Echargeup,Battery swapping,,,"{'latitude': '', 'longitude': ''}",08:00:00 - 20:00:00,10
"House No-124-C-Khasra No-513, MI Lakshmi Garden, Colony Village Dharoti, Khurd Loni, Ghaziabad",201102,,New Delhi,20:00:00,,INDIA,,,08:00:00,Cash/E Wallet,STAFFED,10,,,CGZB00023,Echargeup,Battery swapping,,,"{'latitude': '', 'longitude': ''}",08:00:00 - 20:00:00,10
"B-80, Main Shalimar Garden, Sahibabad, Ghaziabad",201005,,New Delhi,20:00:00,,INDIA,,,08:00:00,Cash/E Wallet,STAFFED,10,,,CGZB00024,Echargeup,Battery swapping,,,"{'latitude': '', 'longitude': ''}",08:00:00 - 20:00:00,10
"Shop No-1, Bharta Complex, Sector-31, Near Vodafone Mini Store, Noida",201301,,New Delhi,20:00:00,,INDIA,,,08:00:00,Cash/E Wallet,STAFFED,10,,,CNOI0002,Echargeup,Battery swapping,,,"{'latitude': '', 'longitude': ''}",08:00:00 - 20:00:00,10
"C-82, Shop No-6, Surya Vihar Road, Near, Sector -9, Gurugram, Haryana",122001,,New Delhi,20:00:00,,INDIA,,,08:00:00,Cash/E Wallet,STAFFED,10,,,CGGN0008,Echargeup,Battery swapping,,,"{'latitude': '', 'longitude': ''}",08:00:00 - 20:00:00,10
"House No-999, Sector-18, Behind Sun Pharma, Gurugram",122015,,New Delhi,20:00:00,,INDIA,,,08:00:00,Cash/E Wallet,STAFFED,10,,,CGGN0009,Echargeup,Battery swapping,,,"{'latitude': '', 'longitude': ''}",08:00:00 - 20:00:00,10
"Shop No-1, Sector-49, Village Barola, Nearby Sri Ram Hospital, Main Dadri Road, Noida",201304,,New Delhi,20:00:00,,INDIA,,,08:00:00,Cash/E Wallet,STAFFED,10,,,CNOI0003,Echargeup,Battery swapping,,,"{'latitude': '', 'longitude': ''}",08:00:00 - 20:00:00,10
"Shop No-21, Ravi Pradhan Market, Sector-110, Noida",201301,,New Delhi,20:00:00,,INDIA,,,08:00:00,Cash/E Wallet,STAFFED,10,,,CNOI0004,Echargeup,Battery swapping,,,"{'latitude': '', 'longitude': ''}",08:00:00 - 20:00:00,10
"Shop No-1, Opposite Choupal Hotel, Old Delhi Road, Gurugram-122001, Haryana",122001,,New Delhi,20:00:00,,INDIA,,,08:00:00,Cash/E Wallet,STAFFED,10,,,CGGN0009,Echargeup,Battery swapping,,,"{'latitude': '', 'longitude': ''}",08:00:00 - 20:00:00,10
"Shop No-1, New Railway Road, Bhim Nagar Chowk, Gurugram",122001,,New Delhi,20:00:00,,INDIA,,,08:00:00,Cash/E Wallet,STAFFED,10,,,CGGN0010,Echargeup,Battery swapping,,,"{'latitude': '', 'longitude': ''}",08:00:00 - 20:00:00,10
"Shop No-1 & 2 , Nimri Colony, Near Deep Chand Bandhu Hospital, Ashok Vihar, New Delhi",110052,,New Delhi,20:00:00,,INDIA,,,08:00:00,Cash/E Wallet,STAFFED,10,,,CDEL00108,Echargeup,Battery swapping,,,"{'latitude': '', 'longitude': ''}",08:00:00 - 20:00:00,10
"Shop No-186, kumhar wali gali Rampura, Trinager Delhi",110035,,New Delhi,20:00:00,,INDIA,,,08:00:00,Cash/E Wallet,STAFFED,10,,,CDEL00110,Echargeup,Battery swapping,,,"{'latitude': '', 'longitude': ''}",08:00:00 - 20:00:00,10
"Shop No-18/160, Trilokpuri, New Delhi",110091,,New Delhi,20:00:00,,INDIA,,,08:00:00,Cash/E Wallet,STAFFED,10,,,CDEL00111,Echargeup,Battery swapping,,,"{'latitude': '', 'longitude': ''}",08:00:00 - 20:00:00,10
"House No-E-2/124, Near Metro Station Shastri Nagar, New Delhi",110052,,New Delhi,20:00:00,,INDIA,,,08:00:00,Cash/E Wallet,STAFFED,10,,,CDEL00113,Echargeup,Battery swapping,,,"{'latitude': '', 'longitude': ''}",08:00:00 - 20:00:00,10
"Shop No-25, Annapurna Market, Sarhaul Mod, Gurugram",122016,,New Delhi,20:00:00,,INDIA,,,08:00:00,Cash/E Wallet,STAFFED,10,,,CGGN0011,Echargeup,Battery swapping,,,"{'latitude': '', 'longitude': ''}",08:00:00 - 20:00:00,10
"Plot No-67/68, Shop No-2, Village Amberhai, Sector-19, Dwarka, New Delhi",110075,,New Delhi,20:00:00,,INDIA,,,08:00:00,Cash/E Wallet,STAFFED,10,,,CDEL00114,Echargeup,Battery swapping,,,"{'latitude': '', 'longitude': ''}",08:00:00 - 20:00:00,10
"Plot No-429,430, First Floor Kh-21/3, Kakrola Housing Complex, New Delhi ",110078,,New Delhi,20:00:00,,INDIA,,,08:00:00,Cash/E Wallet,STAFFED,10,,,CDEL00115,Echargeup,Battery swapping,,,"{'latitude': '', 'longitude': ''}",08:00:00 - 20:00:00,10
"Shop No-1, Opposite Pillar No-23, Krishna Complex, Sector-31, Noida",201301,,New Delhi,20:00:00,,INDIA,,,08:00:00,Cash/E Wallet,STAFFED,10,,,CNOI0005,Echargeup,Battery swapping,,,"{'latitude': '', 'longitude': ''}",08:00:00 - 20:00:00,10
"Shop No-1, Rajeev Vihar, Khora Colony, Sector-62, Near LIC Building, Noida",201301,,New Delhi,20:00:00,,INDIA,,,08:00:00,Cash/E Wallet,STAFFED,10,,,CNOI0006,Echargeup,Battery swapping,,,"{'latitude': '', 'longitude': ''}",08:00:00 - 20:00:00,10
"Shop No-1, Sector-4, Near Ek Mutri Gol Chakkar, Choti Milak Village, Greater Noida",201301,,New Delhi,20:00:00,,INDIA,,,08:00:00,Cash/E Wallet,STAFFED,10,,,CNOI0007,Echargeup,Battery swapping,,,"{'latitude': '', 'longitude': ''}",08:00:00 - 20:00:00,10
"House No-93, Shop No-PVT-1, Ground Floor, Block- B, Pocket -5, Sector-4, Rohini, New Delhi",110085,,New Delhi,20:00:00,,INDIA,,,08:00:00,Cash/E Wallet,STAFFED,10,,,CDEL00116,Echargeup,Battery swapping,,,"{'latitude': '', 'longitude': ''}",08:00:00 - 20:00:00,10
"Shop No-RZ-62-K/6A, Ground Flour, Vashist Park New Delhi",110046,,New Delhi,20:00:00,,INDIA,,,08:00:00,Cash/E Wallet,STAFFED,10,,,CDEL00117,Echargeup,Battery swapping,,,"{'latitude': '', 'longitude': ''}",08:00:00 - 20:00:00,10
"Shop No-B-308, First Floor, Madanpur Khadar Extention, Sarita Vihar, New Delhi",110076,,New Delhi,20:00:00,,INDIA,,,08:00:00,Cash/E Wallet,STAFFED,10,,,CDEL00118,Echargeup,Battery swapping,,,"{'latitude': '', 'longitude': ''}",08:00:00 - 20:00:00,10
